id,price
15035,538000.0
15036,604000.0
15037,1225000.0
15038,229500.0
15039,323000.0
15040,285000.0
15041,438000.0
15042,719000.0
15043,280000.0
15044,550000.0
15045,625000.0
15046,309000.0
15047,488000.0
15048,450000.0
15049,1350000.0
15050,228000.0
15051,345000.0
15052,585000.0
15053,920000.0
15054,430000.0
15055,505000.0
15056,317625.0
15057,1325000.0
15058,360000.0
15059,380000.0
15060,480000.0
15061,355000.0
15062,461000.0
15063,215000.0
15064,430000.0
15065,905000.0
15066,314000.0
15067,555000.0
15068,1088000.0
15069,375000.0
15070,460000.0
15071,470000.0
15072,535000.0
15073,391500.0
15074,395000.0
15075,770000.0
15076,1450000.0
15077,430000.0
15078,212000.0
15079,784000.0
15080,453246.0
15081,665000.0
15082,527700.0
15083,205000.0
15084,500000.0
15085,890000.0
15086,430000.0
15087,258000.0
15088,511000.0
15089,282950.0
15090,350000.0
15091,320000.0
15092,247000.0
15093,399950.0
15094,269950.0
15095,260000.0
15096,615000.0
15097,799000.0
15098,465000.0
15099,210000.0
15100,464000.0
15101,280000.0
15102,445838.0
15103,686000.0
15104,479950.0
15105,315000.0
15106,455000.0
15107,481000.0
15108,415000.0
15109,349500.0
15110,245000.0
15111,592500.0
15112,369900.0
15113,436000.0
15114,236000.0
15115,450000.0
15116,455000.0
15117,304900.0
15118,467000.0
15119,675000.0
15120,500000.0
15121,265000.0
15122,267500.0
15123,725000.0
15124,550000.0
15125,610750.0
15126,390000.0
15127,819900.0
15128,520000.0
15129,230000.0
15130,240000.0
15131,232000.0
15132,274975.0
15133,880000.0
15134,640000.0
15135,559900.0
15136,320000.0
15137,785000.0
15138,280000.0
15139,450000.0
15140,595000.0
15141,365500.0
15142,403950.0
15143,490000.0
15144,530000.0
15145,365000.0
15146,557000.0
15147,322500.0
15148,278500.0
15149,563500.0
15150,423000.0
15151,538000.0
15152,245000.0
15153,328500.0
15154,722500.0
15155,205000.0
15156,400000.0
15157,359500.0
15158,465000.0
15159,325000.0
15160,460000.0
15161,1385000.0
15162,452000.0
15163,397500.0
15164,490000.0
15165,650000.0
15166,1197350.0
15167,585000.0
15168,750000.0
15169,890000.0
15170,190000.0
15171,515000.0
15172,235000.0
15173,650000.0
15174,200000.0
15175,160000.0
15176,530000.0
15177,331500.0
15178,460000.0
15179,863000.0
15180,671500.0
15181,405000.0
15182,650000.0
15183,300000.0
15184,439000.0
15185,370000.0
15186,1220000.0
15187,435500.0
15188,531000.0
15189,443500.0
15190,695000.0
15191,242000.0
15192,525000.0
15193,485000.0
15194,210000.0
15195,260000.0
15196,605000.0
15197,565000.0
15198,426700.0
15199,415000.0
15200,305000.0
15201,729500.0
15202,430000.0
15203,157000.0
15204,220000.0
15205,325000.0
15206,3070000.0
15207,495000.0
15208,269900.0
15209,312000.0
15210,323000.0
15211,306000.0
15212,655000.0
15213,435000.0
15214,385000.0
15215,497000.0
15216,280000.0
15217,188000.0
15218,400000.0
15219,396000.0
15220,410000.0
15221,690000.0
15222,268000.0
15223,480000.0
15224,485000.0
15225,440000.0
15226,215000.0
15227,730000.0
15228,565000.0
15229,636000.0
15230,350000.0
15231,210000.0
15232,501000.0
15233,550000.0
15234,1300000.0
15235,449950.0
15236,435000.0
15237,329999.0
15238,850000.0
15239,565000.0
15240,400000.0
15241,374950.0
15242,493000.0
15243,305000.0
15244,675000.0
15245,470000.0
15246,650000.0
15247,385200.0
15248,565000.0
15249,347000.0
15250,2400000.0
15251,287500.0
15252,825000.0
15253,465750.0
15254,419950.0
15255,332000.0
15256,327000.0
15257,370500.0
15258,425000.0
15259,166600.0
15260,539900.0
15261,275000.0
15262,457500.0
15263,381156.0
15264,469950.0
15265,1095000.0
15266,390000.0
15267,414900.0
15268,200000.0
15269,480000.0
15270,1010000.0
15271,980000.0
15272,300000.0
15273,255000.0
15274,615000.0
15275,359000.0
15276,545000.0
15277,299900.0
15278,1200000.0
15279,253000.0
15280,565000.0
15281,915000.0
15282,419000.0
15283,260000.0
15284,1321500.0
15285,1029900.0
15286,460500.0
15287,550000.0
15288,700000.0
15289,650000.0
15290,385000.0
15291,532500.0
15292,397500.0
15293,524250.0
15294,765000.0
15295,469500.0
15296,237500.0
15297,216000.0
15298,718000.0
15299,420000.0
15300,283000.0
15301,399000.0
15302,178500.0
15303,553500.0
15304,700000.0
15305,258000.0
15306,515000.0
15307,460000.0
15308,538200.0
15309,321500.0
15310,375000.0
15311,543115.0
15312,900000.0
15313,2450000.0
15314,249900.0
15315,980000.0
15316,395000.0
15317,566000.0
15318,512031.0
15319,935000.0
15320,699000.0
15321,249500.0
15322,550000.0
15323,318000.0
15324,320000.0
15325,356700.0
15326,775000.0
15327,325000.0
15328,490000.0
15329,360000.0
15330,837700.0
15331,430000.0
15332,631000.0
15333,367000.0
15334,285167.0
15335,690000.0
15336,353000.0
15337,239000.0
15338,505000.0
15339,302000.0
15340,195000.0
15341,272000.0
15342,219000.0
15343,225500.0
15344,725000.0
15345,75000.0
15346,492000.0
15347,425000.0
15348,1955000.0
15349,298900.0
15350,310000.0
15351,350000.0
15352,1750000.0
15353,290000.0
15354,274700.0
15355,605000.0
15356,850000.0
15357,826000.0
15358,875000.0
15359,406000.0
15360,632000.0
15361,277000.0
15362,472800.0
15363,525000.0
15364,479000.0
15365,392400.0
15366,585000.0
15367,460000.0
15368,470000.0
15369,485500.0
15370,130000.0
15371,320000.0
15372,234000.0
15373,360000.0
15374,350000.0
15375,880000.0
15376,410500.0
15377,449000.0
15378,546000.0
15379,317000.0
15380,600000.0
15381,682000.0
15382,609000.0
15383,614000.0
15384,302495.0
15385,2300000.0
15386,320000.0
15387,747500.0
15388,445000.0
15389,364808.0
15390,325000.0
15391,255000.0
15392,285000.0
15393,360000.0
15394,428000.0
15395,316000.0
15396,225000.0
15397,595000.0
15398,234975.0
15399,625000.0
15400,825000.0
15401,435000.0
15402,960000.0
15403,274500.0
15404,729953.0
15405,345000.0
15406,1075000.0
15407,372000.0
15408,450000.0
15409,1131000.0
15410,260000.0
15411,250000.0
15412,267000.0
15413,275000.0
15414,325000.0
15415,519900.0
15416,1062500.0
15417,465000.0
15418,408000.0
15419,439000.0
15420,425000.0
15421,585444.0
15422,706000.0
15423,445000.0
15424,530000.0
15425,1700000.0
15426,340895.0
15427,715000.0
15428,480000.0
15429,907000.0
15430,459000.0
15431,369500.0
15432,235867.0
15433,500000.0
15434,382000.0
15435,757000.0
15436,359000.0
15437,1328000.0
15438,650000.0
15439,515000.0
15440,652100.0
15441,640000.0
15442,504750.0
15443,530000.0
15444,532000.0
15445,423000.0
15446,521000.0
15447,425000.0
15448,249000.0
15449,206135.0
15450,355000.0
15451,442000.0
15452,390000.0
15453,555000.0
15454,819000.0
15455,1300000.0
15456,350000.0
15457,450000.0
15458,355000.0
15459,937500.0
15460,720000.0
15461,434500.0
15462,610000.0
15463,199990.0
15464,284950.0
15465,722080.0
15466,140000.0
15467,440000.0
15468,380000.0
15469,300000.0
15470,453500.0
15471,655000.0
15472,372500.0
15473,500000.0
15474,650000.0
15475,800000.0
15476,780000.0
15477,537500.0
15478,425000.0
15479,290000.0
15480,370000.0
15481,245000.0
15482,1198000.0
15483,210000.0
15484,520000.0
15485,177500.0
15486,415000.0
15487,495000.0
15488,238000.0
15489,299000.0
15490,340000.0
15491,284950.0
15492,255000.0
15493,365000.0
15494,425000.0
15495,335000.0
15496,490000.0
15497,830000.0
15498,662990.0
15499,635000.0
15500,224000.0
15501,510000.0
15502,390000.0
15503,874150.0
15504,576000.0
15505,196440.0
15506,440000.0
15507,561000.0
15508,600000.0
15509,219900.0
15510,469000.0
15511,1265000.0
15512,187500.0
15513,300000.0
15514,442500.0
15515,830000.0
15516,345000.0
15517,300000.0
15518,435000.0
15519,379500.0
15520,469000.0
15521,445000.0
15522,508000.0
15523,729000.0
15524,416000.0
15525,545000.0
15526,299000.0
15527,2350000.0
15528,305000.0
15529,210000.0
15530,300000.0
15531,920000.0
15532,341000.0
15533,686000.0
15534,780000.0
15535,580000.0
15536,465000.0
15537,1135000.0
15538,477000.0
15539,700000.0
15540,607000.0
15541,460000.0
15542,260000.0
15543,243000.0
15544,1100000.0
15545,1569500.0
15546,353500.0
15547,439500.0
15548,315000.0
15549,740000.0
15550,685000.0
15551,550000.0
15552,475000.0
15553,365000.0
15554,616300.0
15555,348000.0
15556,425000.0
15557,850000.0
15558,832000.0
15559,300000.0
15560,548800.0
15561,740000.0
15562,255000.0
15563,316500.0
15564,333800.0
15565,240000.0
15566,998000.0
15567,275000.0
15568,215000.0
15569,347000.0
15570,550000.0
15571,302000.0
15572,800000.0
15573,250000.0
15574,412000.0
15575,252000.0
15576,490000.0
15577,439000.0
15578,780000.0
15579,200000.0
15580,695000.0
15581,402500.0
15582,1600000.0
15583,322000.0
15584,722500.0
15585,176250.0
15586,830000.0
15587,463500.0
15588,272000.0
15589,507000.0
15590,835000.0
15591,329350.0
15592,1480000.0
15593,235000.0
15594,380000.0
15595,325000.0
15596,152900.0
15597,350000.0
15598,250000.0
15599,528000.0
15600,235000.0
15601,272000.0
15602,439900.0
15603,400000.0
15604,550000.0
15605,632500.0
15606,884250.0
15607,1200000.0
15608,199000.0
15609,875000.0
15610,545000.0
15611,800000.0
15612,502000.0
15613,272000.0
15614,490000.0
15615,399950.0
15616,264950.0
15617,585000.0
15618,594000.0
15619,405000.0
15620,330000.0
15621,678500.0
15622,185000.0
15623,82500.0
15624,415000.0
15625,605000.0
15626,1010000.0
15627,535000.0
15628,440000.0
15629,280000.0
15630,250000.0
15631,345000.0
15632,270000.0
15633,460000.0
15634,1550000.0
15635,499000.0
15636,333000.0
15637,330000.0
15638,568000.0
15639,750000.0
15640,399000.0
15641,347000.0
15642,1680000.0
15643,612000.0
15644,230000.0
15645,604000.0
15646,250000.0
15647,783000.0
15648,327000.0
15649,257000.0
15650,235000.0
15651,453000.0
15652,665000.0
15653,210000.0
15654,265000.0
15655,529219.0
15656,220000.0
15657,295450.0
15658,205000.0
15659,310000.0
15660,1000000.0
15661,284000.0
15662,510000.0
15663,990000.0
15664,700000.0
15665,515000.0
15666,245000.0
15667,390000.0
15668,208000.0
15669,455000.0
15670,270000.0
15671,2750000.0
15672,403500.0
15673,287500.0
15674,183000.0
15675,660000.0
15676,429500.0
15677,530000.0
15678,517100.0
15679,357000.0
15680,322500.0
15681,1400000.0
15682,665000.0
15683,1810000.0
15684,552500.0
15685,270000.0
15686,283000.0
15687,250000.0
15688,430000.0
15689,350000.0
15690,232000.0
15691,262000.0
15692,234000.0
15693,1101000.0
15694,575000.0
15695,400000.0
15696,650000.0
15697,365000.0
15698,900000.0
15699,592000.0
15700,449950.0
15701,325000.0
15702,450000.0
15703,453000.0
15704,487000.0
15705,525000.0
15706,575000.0
15707,305500.0
15708,445000.0
15709,349950.0
15710,143000.0
15711,3278000.0
15712,1126000.0
15713,262000.0
15714,1280000.0
15715,824000.0
15716,290000.0
15717,549000.0
15718,858000.0
15719,1215000.0
15720,275000.0
15721,432500.0
15722,543000.0
15723,340500.0
15724,425000.0
15725,353000.0
15726,540000.0
15727,640000.0
15728,195000.0
15729,300000.0
15730,700000.0
15731,753888.0
15732,620000.0
15733,526000.0
15734,342000.0
15735,608000.0
15736,545000.0
15737,415000.0
15738,535000.0
15739,627000.0
15740,865000.0
15741,595000.0
15742,525000.0
15743,552500.0
15744,465000.0
15745,235000.0
15746,715000.0
15747,646000.0
15748,785000.0
15749,890000.0
15750,499000.0
15751,603500.0
15752,530000.0
15753,275000.0
15754,212000.0
15755,695000.0
15756,387000.0
15757,347500.0
15758,415000.0
15759,375000.0
15760,381500.0
15761,580000.0
15762,279900.0
15763,1599950.0
15764,359950.0
15765,465000.0
15766,455000.0
15767,420000.0
15768,530000.0
15769,590000.0
15770,415000.0
15771,536000.0
15772,395000.0
15773,1272000.0
15774,259000.0
15775,872000.0
15776,475000.0
15777,840000.0
15778,202500.0
15779,225000.0
15780,670000.0
15781,471000.0
15782,1380000.0
15783,161500.0
15784,820000.0
15785,347500.0
15786,687000.0
15787,315500.0
15788,349950.0
15789,285750.0
15790,580000.0
15791,383000.0
15792,405000.0
15793,422500.0
15794,320000.0
15795,223000.0
15796,438000.0
15797,749999.0
15798,779000.0
15799,570000.0
15800,385000.0
15801,699900.0
15802,700000.0
15803,340000.0
15804,404000.0
15805,405000.0
15806,266000.0
15807,722500.0
15808,346950.0
15809,860000.0
15810,549950.0
15811,190000.0
15812,560000.0
15813,275000.0
15814,359950.0
15815,638500.0
15816,430000.0
15817,415000.0
15818,525000.0
15819,195000.0
15820,522000.0
15821,503000.0
15822,175000.0
15823,963990.0
15824,709000.0
15825,460000.0
15826,145600.0
15827,865000.0
15828,1324050.0
15829,593500.0
15830,399950.0
15831,534000.0
15832,350000.0
15833,582000.0
15834,799000.0
15835,423700.0
15836,763101.0
15837,521000.0
15838,499000.0
15839,195000.0
15840,599950.0
15841,700000.0
15842,520000.0
15843,635000.0
15844,350000.0
15845,798000.0
15846,180000.0
15847,1250000.0
15848,355000.0
15849,311000.0
15850,760000.0
15851,476000.0
15852,765000.0
15853,372000.0
15854,1125000.0
15855,479000.0
15856,350000.0
15857,699000.0
15858,500000.0
15859,295000.0
15860,380000.0
15861,685530.0
15862,335000.0
15863,123300.0
15864,635000.0
15865,265000.0
15866,296000.0
15867,250750.0
15868,590000.0
15869,900000.0
15870,580000.0
15871,219500.0
15872,427000.0
15873,495000.0
15874,299950.0
15875,991700.0
15876,950000.0
15877,313500.0
15878,259500.0
15879,449000.0
15880,505000.0
15881,770000.0
15882,316000.0
15883,235000.0
15884,1799000.0
15885,310000.0
15886,285000.0
15887,362000.0
15888,439000.0
15889,575000.0
15890,790000.0
15891,400000.0
15892,255000.0
15893,595000.0
15894,549950.0
15895,650000.0
15896,370000.0
15897,740000.0
15898,200000.0
15899,660000.0
15900,275000.0
15901,691000.0
15902,348000.0
15903,425000.0
15904,222000.0
15905,1500000.0
15906,1130000.0
15907,650000.0
15908,449500.0
15909,850000.0
15910,900000.0
15911,380000.0
15912,350000.0
15913,176500.0
15914,1265000.0
15915,450000.0
15916,178500.0
15917,215000.0
15918,181100.0
15919,402500.0
15920,720000.0
15921,590000.0
15922,364000.0
15923,490000.0
15924,410000.0
15925,520000.0
15926,450000.0
15927,660000.0
15928,285000.0
15929,515000.0
15930,200000.0
15931,414000.0
15932,375000.0
15933,401000.0
15934,178000.0
15935,537000.0
15936,637250.0
15937,427500.0
15938,505000.0
15939,555565.0
15940,405000.0
15941,475000.0
15942,271000.0
15943,230000.0
15944,491500.0
15945,190000.0
15946,658600.0
15947,418000.0
15948,1100000.0
15949,1900000.0
15950,380000.0
15951,218000.0
15952,732000.0
15953,805500.0
15954,800000.0
15955,600000.0
15956,627800.0
15957,625000.0
15958,1003000.0
15959,295000.0
15960,363000.0
15961,550000.0
15962,289000.0
15963,206000.0
15964,553000.0
15965,428000.0
15966,294000.0
15967,590000.0
15968,921000.0
15969,555000.0
15970,549900.0
15971,380000.0
15972,368500.0
15973,265000.0
15974,626000.0
15975,675000.0
15976,845000.0
15977,401500.0
15978,1100000.0
15979,160000.0
15980,242500.0
15981,750000.0
15982,494000.0
15983,625000.0
15984,144975.0
15985,970000.0
15986,415000.0
15987,2544750.0
15988,314900.0
15989,122000.0
15990,405000.0
15991,225000.0
15992,449500.0
15993,542126.0
15994,115000.0
15995,442000.0
15996,459500.0
15997,330000.0
15998,189000.0
15999,280000.0
16000,390000.0
16001,245000.0
16002,465000.0
16003,515000.0
16004,1100000.0
16005,699000.0
16006,276000.0
16007,735000.0
16008,508500.0
16009,329500.0
16010,460000.0
16011,1230000.0
16012,288000.0
16013,535000.0
16014,355000.0
16015,1165000.0
16016,629000.0
16017,1225000.0
16018,415000.0
16019,207000.0
16020,790000.0
16021,457500.0
16022,425000.0
16023,635000.0
16024,695000.0
16025,418500.0
16026,338500.0
16027,1250000.0
16028,299950.0
16029,2095000.0
16030,802000.0
16031,277500.0
16032,222000.0
16033,445000.0
16034,495800.0
16035,470000.0
16036,310000.0
16037,621500.0
16038,175000.0
16039,312500.0
16040,805000.0
16041,1008000.0
16042,355000.0
16043,557500.0
16044,277500.0
16045,461000.0
16046,385000.0
16047,539950.0
16048,417000.0
16049,405000.0
16050,253779.0
16051,680000.0
16052,355000.0
16053,200000.0
16054,478000.0
16055,495000.0
16056,350000.0
16057,270000.0
16058,870000.0
16059,122000.0
16060,286300.0
16061,356000.0
16062,510000.0
16063,777000.0
16064,712500.0
16065,600000.0
16066,267000.0
16067,390000.0
16068,938000.0
16069,335000.0
16070,634000.0
16071,440000.0
16072,681000.0
16073,480000.0
16074,158000.0
16075,475000.0
16076,135000.0
16077,430000.0
16078,641000.0
16079,1440000.0
16080,188200.0
16081,659000.0
16082,350000.0
16083,750000.0
16084,457000.0
16085,610000.0
16086,367500.0
16087,525000.0
16088,530000.0
16089,455000.0
16090,421000.0
16091,640000.0
16092,360000.0
16093,250000.0
16094,570000.0
16095,375000.0
16096,705000.0
16097,360000.0
16098,211000.0
16099,222000.0
16100,672000.0
16101,778000.0
16102,312500.0
16103,650000.0
16104,455000.0
16105,2450000.0
16106,416000.0
16107,1905000.0
16108,367777.0
16109,750000.0
16110,575000.0
16111,1740000.0
16112,220000.0
16113,1650000.0
16114,759000.0
16115,149000.0
16116,702000.0
16117,160000.0
16118,680000.0
16119,582500.0
16120,637000.0
16121,225000.0
16122,304999.0
16123,95000.0
16124,772000.0
16125,245000.0
16126,2890000.0
16127,540000.0
16128,475000.0
16129,445000.0
16130,294950.0
16131,736000.0
16132,856000.0
16133,775000.0
16134,414250.0
16135,576750.0
16136,216650.0
16137,675000.0
16138,359950.0
16139,265000.0
16140,210000.0
16141,756000.0
16142,1325000.0
16143,120000.0
16144,210000.0
16145,408000.0
16146,215000.0
16147,265000.0
16148,589950.0
16149,730000.0
16150,425000.0
16151,680000.0
16152,418000.0
16153,450000.0
16154,330000.0
16155,550000.0
16156,335000.0
16157,825000.0
16158,431500.0
16159,540000.0
16160,425000.0
16161,450000.0
16162,577000.0
16163,210000.0
16164,700000.0
16165,600000.0
16166,364950.0
16167,235500.0
16168,210000.0
16169,202000.0
16170,810000.0
16171,241250.0
16172,720000.0
16173,291000.0
16174,210000.0
16175,247500.0
16176,282500.0
16177,820000.0
16178,346150.0
16179,390000.0
16180,359950.0
16181,777000.0
16182,2150000.0
16183,390000.0
16184,269900.0
16185,267000.0
16186,339888.0
16187,228950.0
16188,725000.0
16189,373000.0
16190,324888.0
16191,761000.0
16192,875000.0
16193,905000.0
16194,382450.0
16195,515000.0
16196,135000.0
16197,660000.0
16198,265000.0
16199,280000.0
16200,269950.0
16201,1038000.0
16202,649950.0
16203,470000.0
16204,346500.0
16205,245000.0
16206,523000.0
16207,292000.0
16208,625000.0
16209,399950.0
16210,339999.0
16211,260000.0
16212,4000000.0
16213,260600.0
16214,435000.0
16215,415000.0
16216,222000.0
16217,489000.0
16218,420250.0
16219,628000.0
16220,810000.0
16221,273000.0
16222,1191000.0
16223,360000.0
16224,489200.0
16225,585000.0
16226,665900.0
16227,423000.0
16228,875000.0
16229,606000.0
16230,373000.0
16231,270000.0
16232,525000.0
16233,285000.0
16234,1570000.0
16235,390000.0
16236,755000.0
16237,475000.0
16238,562000.0
16239,780000.0
16240,384400.0
16241,865000.0
16242,750000.0
16243,210000.0
16244,235000.0
16245,593500.0
16246,242150.0
16247,220000.0
16248,730000.0
16249,300000.0
16250,599000.0
16251,326500.0
16252,1155000.0
16253,156000.0
16254,535000.0
16255,600000.0
16256,834500.0
16257,455000.0
16258,459500.0
16259,371000.0
16260,496752.0
16261,330000.0
16262,705000.0
16263,380000.0
16264,370000.0
16265,360000.0
16266,525000.0
16267,800000.0
16268,639000.0
16269,453000.0
16270,800000.0
16271,437000.0
16272,1150000.0
16273,490000.0
16274,499950.0
16275,160134.0
16276,191000.0
16277,352800.0
16278,458000.0
16279,717550.0
16280,167500.0
16281,939000.0
16282,527550.0
16283,475000.0
16284,575000.0
16285,1088890.0
16286,515000.0
16287,796000.0
16288,2050000.0
16289,270000.0
16290,1705000.0
16291,299950.0
16292,475000.0
16293,325000.0
16294,1670000.0
16295,402000.0
16296,320000.0
16297,249950.0
16298,819000.0
16299,790000.0
16300,812000.0
16301,825000.0
16302,500000.0
16303,570000.0
16304,925000.0
16305,720000.0
16306,381000.0
16307,1050000.0
16308,400000.0
16309,340000.0
16310,306500.0
16311,716000.0
16312,393000.0
16313,150000.0
16314,444900.0
16315,469000.0
16316,518000.0
16317,360000.0
16318,369000.0
16319,320000.0
16320,810000.0
16321,239900.0
16322,265000.0
16323,418000.0
16324,390000.0
16325,554000.0
16326,603000.0
16327,466000.0
16328,197500.0
16329,280000.0
16330,412000.0
16331,900000.0
16332,245000.0
16333,1260000.0
16334,325000.0
16335,500000.0
16336,760000.0
16337,640000.0
16338,789000.0
16339,302500.0
16340,345000.0
16341,851000.0
16342,1206500.0
16343,435000.0
16344,467000.0
16345,880000.0
16346,291700.0
16347,419000.0
16348,710000.0
16349,650000.0
16350,2485000.0
16351,316750.0
16352,652500.0
16353,560000.0
16354,289950.0
16355,380000.0
16356,415900.0
16357,475000.0
16358,668500.0
16359,736000.0
16360,1130000.0
16361,690000.0
16362,765000.0
16363,205000.0
16364,375000.0
16365,1075000.0
16366,267500.0
16367,299800.0
16368,336000.0
16369,328000.0
16370,572500.0
16371,827500.0
16372,415000.0
16373,266000.0
16374,440000.0
16375,379600.0
16376,565000.0
16377,405100.0
16378,666000.0
16379,1490000.0
16380,260000.0
16381,319000.0
16382,220000.0
16383,528000.0
16384,372977.0
16385,950000.0
16386,310000.0
16387,480000.0
16388,390000.0
16389,260000.0
16390,470000.0
16391,220000.0
16392,497000.0
16393,937500.0
16394,720000.0
16395,259000.0
16396,410000.0
16397,354800.0
16398,224975.0
16399,567000.0
16400,225000.0
16401,2479000.0
16402,675000.0
16403,310000.0
16404,475000.0
16405,410000.0
16406,480000.0
16407,689000.0
16408,195000.0
16409,404000.0
16410,430000.0
16411,555000.0
16412,719000.0
16413,525000.0
16414,375000.0
16415,840000.0
16416,330000.0
16417,600000.0
16418,228000.0
16419,215000.0
16420,350000.0
16421,930000.0
16422,275000.0
16423,365000.0
16424,325000.0
16425,240000.0
16426,475000.0
16427,572000.0
16428,549000.0
16429,278000.0
16430,925000.0
16431,465000.0
16432,1895000.0
16433,832500.0
16434,820000.0
16435,1050000.0
16436,653000.0
16437,360000.0
16438,672500.0
16439,590000.0
16440,635000.0
16441,559000.0
16442,895000.0
16443,329999.0
16444,452000.0
16445,450000.0
16446,611000.0
16447,317000.0
16448,1000000.0
16449,330000.0
16450,815000.0
16451,690000.0
16452,567500.0
16453,790000.0
16454,875000.0
16455,490000.0
16456,385000.0
16457,400000.0
16458,547000.0
16459,1025000.0
16460,699000.0
16461,430000.0
16462,325000.0
16463,279000.0
16464,419950.0
16465,425000.0
16466,455000.0
16467,226550.0
16468,702500.0
16469,798750.0
16470,1060000.0
16471,775000.0
16472,280000.0
16473,711800.0
16474,440000.0
16475,515000.0
16476,560000.0
16477,600000.0
16478,337000.0
16479,1385000.0
16480,249000.0
16481,397500.0
16482,1525000.0
16483,430000.0
16484,1085000.0
16485,731100.0
16486,435000.0
16487,469950.0
16488,395000.0
16489,833000.0
16490,479000.0
16491,692500.0
16492,542000.0
16493,299000.0
16494,528000.0
16495,770000.0
16496,447000.0
16497,755000.0
16498,320000.0
16499,650000.0
16500,432000.0
16501,235000.0
16502,994900.0
16503,377691.0
16504,270000.0
16505,300000.0
16506,240000.0
16507,395000.0
16508,169000.0
16509,308000.0
16510,195000.0
16511,630000.0
16512,623000.0
16513,750000.0
16514,792500.0
16515,285900.0
16516,389000.0
16517,675000.0
16518,648475.0
16519,895000.0
16520,195000.0
16521,997000.0
16522,250000.0
16523,278500.0
16524,600000.0
16525,852500.0
16526,227450.0
16527,760000.0
16528,635000.0
16529,545500.0
16530,1038000.0
16531,379000.0
16532,658000.0
16533,294000.0
16534,690000.0
16535,199990.0
16536,220000.0
16537,439990.0
16538,815000.0
16539,657500.0
16540,226450.0
16541,350000.0
16542,368000.0
16543,410000.0
16544,279000.0
16545,303000.0
16546,249000.0
16547,294950.0
16548,560000.0
16549,405000.0
16550,368500.0
16551,349000.0
16552,635000.0
16553,150000.0
16554,410000.0
16555,194990.0
16556,530000.0
16557,319950.0
16558,774000.0
16559,195000.0
16560,625000.0
16561,270000.0
16562,474000.0
16563,595000.0
16564,589000.0
16565,482975.0
16566,365500.0
16567,570000.0
16568,399000.0
16569,320000.0
16570,315000.0
16571,179000.0
16572,779000.0
16573,329000.0
16574,600000.0
16575,630000.0
16576,345000.0
16577,425000.0
16578,250000.0
16579,497000.0
16580,520000.0
16581,158000.0
16582,535000.0
16583,530000.0
16584,290000.0
16585,654000.0
16586,215000.0
16587,835000.0
16588,290000.0
16589,605500.0
16590,340000.0
16591,300000.0
16592,290000.0
16593,299950.0
16594,483000.0
16595,890000.0
16596,719000.0
16597,264000.0
16598,323000.0
16599,810000.0
16600,325000.0
16601,864000.0
16602,130000.0
16603,255000.0
16604,439500.0
16605,268000.0
16606,751305.0
16607,200000.0
16608,426500.0
16609,640000.0
16610,230000.0
16611,366350.0
16612,895000.0
16613,532500.0
16614,1086000.0
16615,485000.0
16616,575000.0
16617,515000.0
16618,309000.0
16619,289000.0
16620,458000.0
16621,250000.0
16622,385500.0
16623,355000.0
16624,650000.0
16625,340000.0
16626,630000.0
16627,227000.0
16628,540400.0
16629,569000.0
16630,735000.0
16631,465425.0
16632,406430.0
16633,266000.0
16634,530000.0
16635,241500.0
16636,227500.0
16637,158550.0
16638,450000.0
16639,360000.0
16640,357500.0
16641,1880000.0
16642,725000.0
16643,536000.0
16644,630000.0
16645,487000.0
16646,242500.0
16647,750000.0
16648,435000.0
16649,500000.0
16650,210000.0
16651,320000.0
16652,558000.0
16653,364000.0
16654,450000.0
16655,480000.0
16656,535000.0
16657,720000.0
16658,489000.0
16659,415000.0
16660,352500.0
16661,258750.0
16662,1017000.0
16663,349950.0
16664,529900.0
16665,1470000.0
16666,395300.0
16667,510000.0
16668,203000.0
16669,248000.0
16670,241400.0
16671,660000.0
16672,770000.0
16673,395000.0
16674,276500.0
16675,336000.0
16676,472000.0
16677,263000.0
16678,765000.0
16679,305000.0
16680,289950.0
16681,615000.0
16682,550000.0
16683,325000.0
16684,265000.0
16685,397500.0
16686,339000.0
16687,1850000.0
16688,525000.0
16689,565000.0
16690,387000.0
16691,1500000.0
16692,365000.0
16693,368250.0
16694,215000.0
16695,335000.0
16696,1460000.0
16697,810000.0
16698,637800.0
16699,225000.0
16700,417500.0
16701,625700.0
16702,595000.0
16703,455000.0
16704,424000.0
16705,657000.0
16706,450000.0
16707,460000.0
16708,385000.0
16709,569500.0
16710,411000.0
16711,540000.0
16712,265000.0
16713,455000.0
16714,980000.0
16715,203000.0
16716,860000.0
16717,572500.0
16718,899000.0
16719,560000.0
16720,172000.0
16721,219900.0
16722,473000.0
16723,370000.0
16724,1727000.0
16725,438000.0
16726,241000.0
16727,3418800.0
16728,230000.0
16729,314200.0
16730,535000.0
16731,513000.0
16732,360000.0
16733,234900.0
16734,963000.0
16735,595000.0
16736,942500.0
16737,416500.0
16738,230000.0
16739,497000.0
16740,415000.0
16741,170000.0
16742,750000.0
16743,335000.0
16744,677000.0
16745,440000.0
16746,762500.0
16747,325000.0
16748,1476000.0
16749,410000.0
16750,554000.0
16751,387000.0
16752,320000.0
16753,705000.0
16754,285000.0
16755,796000.0
16756,807000.0
16757,325900.0
16758,215000.0
16759,306000.0
16760,685000.0
16761,441000.0
16762,524950.0
16763,519000.0
16764,286000.0
16765,330000.0
16766,352500.0
16767,464625.0
16768,455000.0
16769,524000.0
16770,249900.0
16771,600000.0
16772,272000.0
16773,500000.0
16774,263500.0
16775,487600.0
16776,450000.0
16777,650000.0
16778,550000.0
16779,230000.0
16780,750000.0
16781,2196000.0
16782,751000.0
16783,312000.0
16784,730000.0
16785,762500.0
16786,228000.0
16787,525000.0
16788,399950.0
16789,827000.0
16790,329950.0
16791,438900.0
16792,600000.0
16793,320000.0
16794,450000.0
16795,533000.0
16796,713900.0
16797,1150000.0
16798,495000.0
16799,495000.0
16800,464950.0
16801,440000.0
16802,247200.0
16803,185000.0
16804,1445000.0
16805,603000.0
16806,345000.0
16807,863500.0
16808,699000.0
16809,795000.0
16810,425000.0
16811,639900.0
16812,300000.0
16813,390000.0
16814,610000.0
16815,197000.0
16816,650000.0
16817,471000.0
16818,639000.0
16819,287000.0
16820,499922.0
16821,675000.0
16822,738515.0
16823,1039000.0
16824,219000.0
16825,275000.0
16826,337500.0
16827,792000.0
16828,575000.0
16829,510000.0
16830,364000.0
16831,335000.0
16832,650000.0
16833,292000.0
16834,257500.0
16835,449000.0
16836,994000.0
16837,380000.0
16838,1050000.0
16839,545000.0
16840,400000.0
16841,335950.0
16842,394475.0
16843,675000.0
16844,175000.0
16845,538888.0
16846,670000.0
16847,530000.0
16848,549950.0
16849,485000.0
16850,435000.0
16851,799200.0
16852,1202500.0
16853,320000.0
16854,390000.0
16855,265953.0
16856,545000.0
16857,535000.0
16858,1450000.0
16859,410000.0
16860,313000.0
16861,760000.0
16862,415000.0
16863,240000.0
16864,400000.0
16865,397500.0
16866,260000.0
16867,270000.0
16868,306500.0
16869,380000.0
16870,239950.0
16871,852000.0
16872,582500.0
16873,445800.0
16874,850000.0
16875,386000.0
16876,870000.0
16877,280000.0
16878,437000.0
16879,850000.0
16880,600000.0
16881,1436000.0
16882,170000.0
16883,178000.0
16884,258000.0
16885,470000.0
16886,225500.0
16887,695000.0
16888,211000.0
16889,795000.0
16890,327500.0
16891,585000.0
16892,375000.0
16893,245000.0
16894,279950.0
16895,647500.0
16896,595000.0
16897,165000.0
16898,343566.0
16899,286285.0
16900,286000.0
16901,950000.0
16902,595000.0
16903,755000.0
16904,550000.0
16905,260000.0
16906,1153000.0
16907,362000.0
16908,417500.0
16909,442500.0
16910,245000.0
16911,274950.0
16912,309212.0
16913,305000.0
16914,815000.0
16915,1240000.0
16916,560000.0
16917,1339000.0
16918,199500.0
16919,199950.0
16920,393000.0
16921,585000.0
16922,225000.0
16923,280000.0
16924,610000.0
16925,532500.0
16926,1350000.0
16927,750000.0
16928,346100.0
16929,260000.0
16930,615000.0
16931,498500.0
16932,410000.0
16933,573000.0
16934,252750.0
16935,280000.0
16936,538900.0
16937,300000.0
16938,254000.0
16939,1250000.0
16940,460000.0
16941,370000.0
16942,302000.0
16943,925000.0
16944,600000.0
16945,204950.0
16946,675000.0
16947,472500.0
16948,829900.0
16949,242550.0
16950,367500.0
16951,204900.0
16952,850000.0
16953,340000.0
16954,330000.0
16955,782000.0
16956,941500.0
16957,313000.0
16958,530000.0
16959,580379.0
16960,168000.0
16961,515000.0
16962,554000.0
16963,525000.0
16964,424000.0
16965,615000.0
16966,1515000.0
16967,870000.0
16968,215000.0
16969,590000.0
16970,279000.0
16971,325500.0
16972,359000.0
16973,650000.0
16974,620000.0
16975,490000.0
16976,185000.0
16977,449950.0
16978,235000.0
16979,657000.0
16980,235000.0
16981,602000.0
16982,739999.0
16983,600000.0
16984,253000.0
16985,385000.0
16986,345000.0
16987,269950.0
16988,299950.0
16989,495000.0
16990,275000.0
16991,333000.0
16992,556300.0
16993,815000.0
16994,350000.0
16995,277000.0
16996,415000.0
16997,1185000.0
16998,350000.0
16999,2700000.0
17000,480000.0
17001,1255000.0
17002,217000.0
17003,398500.0
17004,235000.0
17005,212000.0
17006,1900000.0
17007,645000.0
17008,515000.0
17009,215000.0
17010,299500.0
17011,203000.0
17012,473975.0
17013,580000.0
17014,657500.0
17015,332500.0
17016,428000.0
17017,190000.0
17018,1000000.0
17019,294000.0
17020,320000.0
17021,255000.0
17022,607500.0
17023,765000.0
17024,775000.0
17025,270000.0
17026,332544.0
17027,461000.0
17028,1060000.0
17029,1555000.0
17030,620000.0
17031,810000.0
17032,715000.0
17033,509500.0
17034,230000.0
17035,235000.0
17036,350000.0
17037,410500.0
17038,469000.0
17039,596000.0
17040,790000.0
17041,540000.0
17042,208000.0
17043,389800.0
17044,569000.0
17045,612000.0
17046,800000.0
17047,499000.0
17048,280000.0
17049,649950.0
17050,420000.0
17051,375000.0
17052,280500.0
17053,196500.0
17054,240000.0
17055,272000.0
17056,316000.0
17057,275000.0
17058,320000.0
17059,355000.0
17060,1155000.0
17061,1210000.0
17062,217000.0
17063,583000.0
17064,1295650.0
17065,359500.0
17066,433000.0
17067,525000.0
17068,560000.0
17069,513000.0
17070,225000.0
17071,750000.0
17072,149000.0
17073,725000.0
17074,199950.0
17075,225000.0
17076,378800.0
17077,261000.0
17078,190000.0
17079,475000.0
17080,390000.0
17081,225000.0
17082,241000.0
17083,307550.0
17084,490000.0
17085,647000.0
17086,780000.0
17087,560000.0
17088,600000.0
17089,410000.0
17090,289000.0
17091,482000.0
17092,485000.0
17093,309000.0
17094,221000.0
17095,680000.0
17096,199950.0
17097,765000.0
17098,284000.0
17099,295000.0
17100,555000.0
17101,240000.0
17102,481000.0
17103,300000.0
17104,500000.0
17105,314500.0
17106,1430000.0
17107,605000.0
17108,393000.0
17109,725000.0
17110,721000.0
17111,725000.0
17112,303000.0
17113,475000.0
17114,443500.0
17115,515000.0
17116,482500.0
17117,280017.0
17118,420000.0
17119,570000.0
17120,565000.0
17121,470000.0
17122,225000.0
17123,275500.0
17124,280000.0
17125,3200000.0
17126,630000.0
17127,875000.0
17128,355000.0
17129,995000.0
17130,655000.0
17131,352500.0
17132,165000.0
17133,243500.0
17134,500007.0
17135,258000.0
17136,438000.0
17137,375000.0
17138,674725.0
17139,325000.0
17140,325000.0
17141,212000.0
17142,510000.0
17143,204000.0
17144,1045000.0
17145,659500.0
17146,606400.0
17147,469500.0
17148,195000.0
17149,485000.0
17150,295000.0
17151,550000.0
17152,700000.0
17153,525000.0
17154,570000.0
17155,260000.0
17156,798000.0
17157,286000.0
17158,305000.0
17159,435000.0
17160,363500.0
17161,595000.0
17162,295000.0
17163,449888.0
17164,215000.0
17165,565000.0
17166,330000.0
17167,340000.0
17168,279900.0
17169,315000.0
17170,849000.0
17171,325000.0
17172,786000.0
17173,384000.0
17174,700000.0
17175,749950.0
17176,325000.0
17177,1150000.0
17178,406000.0
17179,650000.0
17180,375000.0
17181,609000.0
17182,740000.0
17183,323000.0
17184,585000.0
17185,292500.0
17186,1184000.0
17187,584999.0
17188,987500.0
17189,425000.0
17190,360000.0
17191,450000.0
17192,339950.0
17193,485000.0
17194,245000.0
17195,440000.0
17196,583000.0
17197,575000.0
17198,455000.0
17199,928950.0
17200,489950.0
17201,390000.0
17202,486000.0
17203,830200.0
17204,460000.0
17205,396480.0
17206,1025000.0
17207,431000.0
17208,330000.0
17209,365000.0
17210,515000.0
17211,365000.0
17212,614905.0
17213,1398000.0
17214,250000.0
17215,390000.0
17216,435000.0
17217,231000.0
17218,229950.0
17219,470000.0
17220,239000.0
17221,579000.0
17222,380500.0
17223,290000.0
17224,487000.0
17225,160000.0
17226,1050000.0
17227,625000.0
17228,915000.0
17229,575000.0
17230,219900.0
17231,520000.0
17232,322500.0
17233,440000.0
17234,679000.0
17235,563000.0
17236,562000.0
17237,621000.0
17238,320000.0
17239,1700000.0
17240,205000.0
17241,256000.0
17242,163000.0
17243,539950.0
17244,270000.0
17245,560000.0
17246,296000.0
17247,257000.0
17248,377000.0
17249,550000.0
17250,738500.0
17251,190000.0
17252,416500.0
17253,253000.0
17254,492000.0
17255,345000.0
17256,510000.0
17257,2538000.0
17258,640000.0
17259,702000.0
17260,190000.0
17261,500000.0
17262,529000.0
17263,435000.0
17264,670000.0
17265,220000.0
17266,694000.0
17267,415000.0
17268,765000.0
17269,385000.0
17270,345000.0
17271,345000.0
17272,600000.0
17273,355000.0
17274,566000.0
17275,449950.0
17276,258000.0
17277,415000.0
17278,295000.0
17279,345000.0
17280,760000.0
17281,569000.0
17282,500000.0
17283,592500.0
17284,340000.0
17285,458000.0
17286,250000.0
17287,216000.0
17288,245000.0
17289,458000.0
17290,978000.0
17291,472000.0
17292,250000.0
17293,345000.0
17294,440150.0
17295,480000.0
17296,170000.0
17297,860000.0
17298,407450.0
17299,920000.0
17300,195000.0
17301,276000.0
17302,639000.0
17303,1150000.0
17304,430000.0
17305,440000.0
17306,700000.0
17307,488000.0
17308,321000.0
17309,299500.0
17310,459000.0
17311,490000.0
17312,280000.0
17313,1450000.0
17314,650000.0
17315,250000.0
17316,575000.0
17317,375000.0
17318,323000.0
17319,320000.0
17320,550000.0
17321,1646000.0
17322,120000.0
17323,508000.0
17324,1000000.0
17325,342000.0
17326,582000.0
17327,475000.0
17328,217000.0
17329,1150000.0
17330,231200.0
17331,680000.0
17332,942000.0
17333,435000.0
17334,315000.0
17335,360000.0
17336,205000.0
17337,713500.0
17338,439000.0
17339,185000.0
17340,406550.0
17341,183000.0
17342,300000.0
17343,380000.0
17344,475000.0
17345,329000.0
17346,525000.0
17347,537000.0
17348,659000.0
17349,203000.0
17350,279000.0
17351,535000.0
17352,520000.0
17353,760000.0
17354,450000.0
17355,585000.0
17356,340000.0
17357,920000.0
17358,153000.0
17359,293000.0
17360,620000.0
17361,687500.0
17362,500000.0
17363,690000.0
17364,630000.0
17365,432000.0
17366,954500.0
17367,199000.0
17368,425000.0
17369,860000.0
17370,390000.0
17371,261000.0
17372,606000.0
17373,368500.0
17374,275000.0
17375,342000.0
17376,450000.0
17377,480000.0
17378,920000.0
17379,631750.0
17380,333000.0
17381,775000.0
17382,1440000.0
17383,850000.0
17384,408000.0
17385,1195000.0
17386,454000.0
17387,499000.0
17388,1250000.0
17389,202200.0
17390,450000.0
17391,361000.0
17392,417000.0
17393,825000.0
17394,319950.0
17395,284000.0
17396,380000.0
17397,522500.0
17398,238000.0
17399,315000.0
17400,4668000.0
17401,627000.0
17402,525000.0
17403,640000.0
17404,444950.0
17405,299950.0
17406,560000.0
17407,333000.0
17408,386000.0
17409,285000.0
17410,450000.0
17411,447000.0
17412,287000.0
17413,344950.0
17414,565000.0
17415,360000.0
17416,477500.0
17417,270000.0
17418,503000.0
17419,1452000.0
17420,186000.0
17421,655100.0
17422,698000.0
17423,1625000.0
17424,355000.0
17425,275000.0
17426,260000.0
17427,459500.0
17428,665000.0
17429,165000.0
17430,2450000.0
17431,732000.0
17432,610000.0
17433,170000.0
17434,300000.0
17435,249000.0
17436,442500.0
17437,621500.0
17438,203000.0
17439,2193000.0
17440,380600.0
17441,342888.0
17442,555000.0
17443,613000.0
17444,619500.0
17445,437000.0
17446,415000.0
17447,675000.0
17448,335000.0
17449,320900.0
17450,370000.0
17451,320000.0
17452,224000.0
17453,315500.0
17454,389000.0
17455,285000.0
17456,425000.0
17457,374000.0
17458,546500.0
17459,82000.0
17460,400000.0
17461,480000.0
17462,615000.0
17463,605000.0
17464,340000.0
17465,225000.0
17466,515000.0
17467,725000.0
17468,375000.0
17469,689000.0
17470,425000.0
17471,315000.0
17472,250000.0
17473,250000.0
17474,925000.0
17475,675000.0
17476,452000.0
17477,319000.0
17478,330000.0
17479,510000.0
17480,354000.0
17481,262500.0
17482,370000.0
17483,435000.0
17484,400000.0
17485,300000.0
17486,771000.0
17487,390000.0
17488,403000.0
17489,575000.0
17490,565000.0
17491,652500.0
17492,700000.0
17493,475000.0
17494,507000.0
17495,239300.0
17496,315000.0
17497,510000.0
17498,871000.0
17499,400000.0
17500,1110000.0
17501,320000.0
17502,700000.0
17503,640000.0
17504,349950.0
17505,290000.0
17506,235000.0
17507,225000.0
17508,520000.0
17509,285000.0
17510,525000.0
17511,1247000.0
17512,549950.0
17513,739900.0
17514,340000.0
17515,366000.0
17516,350000.0
17517,246000.0
17518,330000.0
17519,345000.0
17520,207000.0
17521,238000.0
17522,452000.0
17523,1285000.0
17524,339950.0
17525,799990.0
17526,240000.0
17527,343000.0
17528,674000.0
17529,453000.0
17530,285000.0
17531,336500.0
17532,911100.0
17533,249900.0
17534,400000.0
17535,299800.0
17536,415000.0
17537,635000.0
17538,250000.0
17539,553000.0
17540,565000.0
17541,312000.0
17542,320000.0
17543,385000.0
17544,898000.0
17545,1240000.0
17546,599000.0
17547,1208000.0
17548,1590000.0
17549,409000.0
17550,570000.0
17551,315000.0
17552,442500.0
17553,506400.0
17554,324000.0
17555,509250.0
17556,189000.0
17557,287000.0
17558,560000.0
17559,510000.0
17560,509000.0
17561,575000.0
17562,795000.0
17563,955000.0
17564,775000.0
17565,400000.0
17566,1150000.0
17567,459950.0
17568,281000.0
17569,205000.0
17570,360000.0
17571,381000.0
17572,564000.0
17573,114975.0
17574,425000.0
17575,665000.0
17576,314950.0
17577,315000.0
17578,545000.0
17579,565000.0
17580,175000.0
17581,4489000.0
17582,430000.0
17583,329950.0
17584,692000.0
17585,402000.0
17586,760000.0
17587,549950.0
17588,445000.0
17589,195000.0
17590,385000.0
17591,450000.0
17592,380000.0
17593,496000.0
17594,895000.0
17595,390000.0
17596,700000.0
17597,520000.0
17598,410000.0
17599,536500.0
17600,249000.0
17601,780000.0
17602,590000.0
17603,373000.0
17604,525000.0
17605,625000.0
17606,155000.0
17607,625000.0
17608,380000.0
17609,382888.0
17610,685000.0
17611,810000.0
17612,500000.0
17613,280000.0
17614,275000.0
17615,375000.0
17616,445000.0
17617,437500.0
17618,426250.0
17619,520000.0
17620,411500.0
17621,540000.0
17622,270500.0
17623,235000.0
17624,309950.0
17625,433000.0
17626,291000.0
17627,540000.0
17628,287000.0
17629,1250000.0
17630,265000.0
17631,306950.0
17632,630000.0
17633,367500.0
17634,215000.0
17635,1370000.0
17636,235000.0
17637,604000.0
17638,353750.0
17639,1100000.0
17640,1005000.0
17641,213500.0
17642,275000.0
17643,603500.0
17644,490600.0
17645,249000.0
17646,370000.0
17647,360000.0
17648,580000.0
17649,565000.0
17650,200000.0
17651,1530000.0
17652,270000.0
17653,205950.0
17654,370000.0
17655,408000.0
17656,323500.0
17657,364500.0
17658,289900.0
17659,585000.0
17660,269000.0
17661,280000.0
17662,287000.0
17663,183000.0
17664,309000.0
17665,240000.0
17666,650000.0
17667,392500.0
17668,400000.0
17669,465000.0
17670,350000.0
17671,455000.0
17672,515000.0
17673,284000.0
17674,285000.0
17675,315000.0
17676,250000.0
17677,410000.0
17678,230000.0
17679,188000.0
17680,611206.0
17681,350000.0
17682,675000.0
17683,368000.0
17684,405000.0
17685,450000.0
17686,780000.0
17687,503045.0
17688,450000.0
17689,454000.0
17690,555000.0
17691,320000.0
17692,552500.0
17693,1050000.0
17694,680000.0
17695,985000.0
17696,375000.0
17697,463000.0
17698,603500.0
17699,860000.0
17700,259875.0
17701,685000.0
17702,490000.0
17703,430000.0
17704,580000.0
17705,510000.0
17706,489990.0
17707,710800.0
17708,565000.0
17709,625000.0
17710,225000.0
17711,340000.0
17712,397990.0
17713,505500.0
17714,455000.0
17715,329800.0
17716,625000.0
17717,226800.0
17718,350000.0
17719,285000.0
17720,427500.0
17721,439000.0
17722,255000.0
17723,581000.0
17724,625000.0
17725,351000.0
17726,610000.0
17727,883000.0
17728,204700.0
17729,568000.0
17730,675000.0
17731,685000.0
17732,925000.0
17733,1052500.0
17734,333000.0
17735,860000.0
17736,216180.0
17737,300000.0
17738,145000.0
17739,501000.0
17740,190000.0
17741,570000.0
17742,560000.0
17743,545000.0
17744,500000.0
17745,563000.0
17746,450000.0
17747,338000.0
17748,1265000.0
17749,304000.0
17750,412000.0
17751,698000.0
17752,400000.0
17753,305000.0
17754,570000.0
17755,525000.0
17756,240000.0
17757,670000.0
17758,525000.0
17759,425000.0
17760,443500.0
17761,350000.0
17762,205000.0
17763,470000.0
17764,750000.0
17765,585000.0
17766,704000.0
17767,610000.0
17768,733000.0
17769,412133.0
17770,570000.0
17771,475000.0
17772,240000.0
17773,660000.0
17774,275000.0
17775,485000.0
17776,530000.0
17777,550000.0
17778,525000.0
17779,490000.0
17780,926500.0
17781,200000.0
17782,600000.0
17783,510000.0
17784,195000.0
17785,270000.0
17786,826000.0
17787,335000.0
17788,779000.0
17789,370000.0
17790,790000.0
17791,903000.0
17792,209950.0
17793,309000.0
17794,323000.0
17795,1362500.0
17796,960000.0
17797,720000.0
17798,605000.0
17799,230000.0
17800,182500.0
17801,217000.0
17802,501000.0
17803,339950.0
17804,340000.0
17805,375000.0
17806,295000.0
17807,370000.0
17808,715000.0
17809,329950.0
17810,429000.0
17811,550000.0
17812,219950.0
17813,950000.0
17814,245000.0
17815,600000.0
17816,405000.0
17817,415500.0
17818,334998.0
17819,475000.0
17820,879000.0
17821,353900.0
17822,430000.0
17823,375000.0
17824,329922.0
17825,375000.0
17826,255000.0
17827,800000.0
17828,869000.0
17829,375000.0
17830,375500.0
17831,248000.0
17832,680000.0
17833,350000.0
17834,390000.0
17835,297000.0
17836,355000.0
17837,257000.0
17838,411000.0
17839,258000.0
17840,310000.0
17841,250600.0
17842,320000.0
17843,665000.0
17844,423500.0
17845,780000.0
17846,707000.0
17847,497000.0
17848,287000.0
17849,2375000.0
17850,308000.0
17851,808000.0
17852,875000.0
17853,860000.0
17854,435000.0
17855,347500.0
17856,1275000.0
17857,812500.0
17858,615000.0
17859,575550.0
17860,410000.0
17861,440000.0
17862,500000.0
17863,417000.0
17864,661000.0
17865,1795000.0
17866,257100.0
17867,540000.0
17868,268000.0
17869,380000.0
17870,249000.0
17871,1780000.0
17872,277000.0
17873,449500.0
17874,785950.0
17875,244000.0
17876,435000.0
17877,563250.0
17878,675000.0
17879,620000.0
17880,790000.0
17881,273000.0
17882,599000.0
17883,1157200.0
17884,385000.0
17885,450000.0
17886,339950.0
17887,760000.0
17888,215000.0
17889,420000.0
17890,240000.0
17891,511000.0
17892,358000.0
17893,765000.0
17894,920000.0
17895,360000.0
17896,323800.0
17897,446250.0
17898,330000.0
17899,550000.0
17900,554990.0
17901,359950.0
17902,760500.0
17903,261000.0
17904,195700.0
17905,865000.0
17906,265000.0
17907,460500.0
17908,315000.0
17909,475000.0
17910,1140000.0
17911,430000.0
17912,296000.0
17913,303000.0
17914,462000.0
17915,1220000.0
17916,510000.0
17917,489000.0
17918,400000.0
17919,649950.0
17920,680000.0
17921,555000.0
17922,270000.0
17923,215000.0
17924,550000.0
17925,259000.0
17926,259500.0
17927,309950.0
17928,499950.0
17929,329000.0
17930,246000.0
17931,416000.0
17932,260000.0
17933,831000.0
17934,689900.0
17935,355000.0
17936,1100000.0
17937,289275.0
17938,450000.0
17939,680200.0
17940,325000.0
17941,225000.0
17942,280000.0
17943,204950.0
17944,670000.0
17945,352000.0
17946,575000.0
17947,269000.0
17948,875000.0
17949,890000.0
17950,629000.0
17951,330000.0
17952,378000.0
17953,523500.0
17954,290000.0
17955,176000.0
17956,483000.0
17957,240000.0
17958,713000.0
17959,784950.0
17960,472500.0
17961,858450.0
17962,250000.0
17963,518000.0
17964,672800.0
17965,475000.0
17966,352000.0
17967,635000.0
17968,563500.0
17969,480000.0
17970,605000.0
17971,440000.0
17972,485000.0
17973,359999.0
17974,1050000.0
17975,290000.0
17976,230000.0
17977,234000.0
17978,835000.0
17979,632750.0
17980,527500.0
17981,530000.0
17982,655000.0
17983,465000.0
17984,160000.0
17985,457000.0
17986,530000.0
17987,491000.0
17988,465000.0
17989,230000.0
17990,560000.0
17991,583000.0
17992,585000.0
17993,425590.0
17994,362362.0
17995,370000.0
17996,620000.0
17997,552625.0
17998,652500.0
17999,365000.0
18000,682000.0
18001,499000.0
18002,745000.0
18003,520000.0
18004,965000.0
18005,577500.0
18006,275000.0
18007,365000.0
18008,555000.0
18009,1326000.0
18010,896000.0
18011,550000.0
18012,324500.0
18013,312500.0
18014,464000.0
18015,679975.0
18016,585000.0
18017,940000.0
18018,460000.0
18019,319000.0
18020,280000.0
18021,250000.0
18022,580000.0
18023,350000.0
18024,475000.0
18025,309000.0
18026,800000.0
18027,335000.0
18028,610000.0
18029,493500.0
18030,596500.0
18031,333500.0
18032,373000.0
18033,750000.0
18034,900000.0
18035,235000.0
18036,428000.0
18037,445000.0
18038,389950.0
18039,790000.0
18040,600000.0
18041,1400000.0
18042,357000.0
18043,725000.0
18044,275000.0
18045,445000.0
18046,510000.0
18047,225000.0
18048,260000.0
18049,471000.0
18050,605000.0
18051,654950.0
18052,221900.0
18053,466000.0
18054,515000.0
18055,685000.0
18056,305000.0
18057,950000.0
18058,550000.0
18059,224097.0
18060,254000.0
18061,335000.0
18062,233703.0
18063,730000.0
18064,899000.0
18065,324360.0
18066,269950.0
18067,829000.0
18068,270000.0
18069,125000.0
18070,325000.0
18071,728725.0
18072,1300000.0
18073,405000.0
18074,583000.0
18075,465000.0
18076,595000.0
18077,254000.0
18078,488500.0
18079,260000.0
18080,529500.0
18081,338000.0
18082,335620.0
18083,601000.0
18084,329000.0
18085,370000.0
18086,398000.0
18087,709000.0
18088,402000.0
18089,450000.0
18090,365000.0
18091,880000.0
18092,305000.0
18093,661500.0
18094,446000.0
18095,324000.0
18096,500000.0
18097,1197000.0
18098,465000.0
18099,395000.0
18100,550000.0
18101,216000.0
18102,599900.0
18103,750000.0
18104,490000.0
18105,808000.0
18106,695000.0
18107,750000.0
18108,406500.0
18109,965000.0
18110,1375000.0
18111,185000.0
18112,379950.0
18113,554820.0
18114,242500.0
18115,630000.0
18116,750000.0
18117,695000.0
18118,447000.0
18119,1084500.0
18120,312000.0
18121,350000.0
18122,690000.0
18123,375000.0
18124,400000.0
18125,240000.0
18126,402500.0
18127,482000.0
18128,655000.0
18129,330000.0
18130,519500.0
18131,450000.0
18132,262500.0
18133,292000.0
18134,400000.0
18135,202000.0
18136,250000.0
18137,938000.0
18138,348000.0
18139,397000.0
18140,780000.0
18141,476000.0
18142,226500.0
18143,910000.0
18144,342000.0
18145,420000.0
18146,148226.0
18147,230000.0
18148,310000.0
18149,770000.0
18150,205000.0
18151,467000.0
18152,901000.0
18153,269000.0
18154,850000.0
18155,209000.0
18156,327000.0
18157,510000.0
18158,385000.0
18159,370000.0
18160,502000.0
18161,309950.0
18162,253000.0
18163,333000.0
18164,350000.0
18165,392000.0
18166,951250.0
18167,502000.0
18168,362500.0
18169,278000.0
18170,422500.0
18171,783200.0
18172,244615.0
18173,367000.0
18174,489000.0
18175,799000.0
18176,860000.0
18177,220000.0
18178,520000.0
18179,440000.0
18180,338150.0
18181,285000.0
18182,304500.0
18183,615000.0
18184,300000.0
18185,1010000.0
18186,300000.0
18187,525000.0
18188,1050000.0
18189,410000.0
18190,340000.0
18191,1065000.0
18192,460000.0
18193,345000.0
18194,545000.0
18195,456700.0
18196,925500.0
18197,420000.0
18198,575000.0
18199,428000.0
18200,738000.0
18201,415000.0
18202,912000.0
18203,135000.0
18204,238000.0
18205,251000.0
18206,433495.0
18207,449900.0
18208,385000.0
18209,745000.0
18210,194000.0
18211,265000.0
18212,433000.0
18213,289571.0
18214,400000.0
18215,520000.0
18216,555000.0
18217,379750.0
18218,445500.0
18219,720000.0
18220,92000.0
18221,409950.0
18222,700500.0
18223,250000.0
18224,200000.0
18225,450000.0
18226,310000.0
18227,392000.0
18228,521000.0
18229,809950.0
18230,415000.0
18231,976000.0
18232,429000.0
18233,175000.0
18234,605000.0
18235,311300.0
18236,795000.0
18237,370000.0
18238,598850.0
18239,515700.0
18240,653750.0
18241,945000.0
18242,950000.0
18243,700000.0
18244,435000.0
18245,229500.0
18246,500000.0
18247,580000.0
18248,594000.0
18249,500000.0
18250,550000.0
18251,390000.0
18252,1250000.0
18253,405000.0
18254,207000.0
18255,750000.0
18256,291000.0
18257,791500.0
18258,238950.0
18259,420000.0
18260,440000.0
18261,656000.0
18262,210750.0
18263,485000.0
18264,405000.0
18265,299950.0
18266,440000.0
18267,297262.0
18268,110700.0
18269,427000.0
18270,247000.0
18271,442500.0
18272,449000.0
18273,305000.0
18274,734000.0
18275,711000.0
18276,235000.0
18277,450000.0
18278,481000.0
18279,480000.0
18280,1013050.0
18281,170000.0
18282,1582500.0
18283,665000.0
18284,279900.0
18285,875000.0
18286,320000.0
18287,440000.0
18288,271000.0
18289,465000.0
18290,283000.0
18291,411500.0
18292,535000.0
18293,770000.0
18294,375000.0
18295,1557600.0
18296,1565000.0
18297,299990.0
18298,1125000.0
18299,335000.0
18300,540000.0
18301,324000.0
18302,300000.0
18303,397500.0
18304,375000.0
18305,467500.0
18306,469000.0
18307,235000.0
18308,998500.0
18309,494950.0
18310,1225000.0
18311,325000.0
18312,506000.0
18313,751000.0
18314,280000.0
18315,1120000.0
18316,580000.0
18317,427000.0
18318,265000.0
18319,398000.0
18320,354000.0
18321,350000.0
18322,570000.0
18323,845000.0
18324,314500.0
18325,527000.0
18326,420000.0
18327,290000.0
18328,425000.0
18329,365000.0
18330,368888.0
18331,299900.0
18332,880000.0
18333,195000.0
18334,910000.0
18335,530000.0
18336,435000.0
18337,485000.0
18338,305000.0
18339,300000.0
18340,289950.0
18341,575000.0
18342,200000.0
18343,545000.0
18344,378000.0
18345,388000.0
18346,485000.0
18347,255000.0
18348,251750.0
18349,725000.0
18350,394950.0
18351,685000.0
18352,253000.0
18353,392500.0
18354,605000.0
18355,650000.0
18356,234000.0
18357,380000.0
18358,420000.0
18359,256750.0
18360,256000.0
18361,575000.0
18362,375000.0
18363,620000.0
18364,319000.0
18365,592500.0
18366,272000.0
18367,477000.0
18368,595000.0
18369,442250.0
18370,591000.0
18371,276000.0
18372,260000.0
18373,471000.0
18374,427800.0
18375,1234580.0
18376,435000.0
18377,746500.0
18378,1400000.0
18379,295000.0
18380,358500.0
18381,260000.0
18382,295000.0
18383,640000.0
18384,270000.0
18385,246900.0
18386,522500.0
18387,199950.0
18388,3000000.0
18389,865000.0
18390,245700.0
18391,499950.0
18392,619000.0
18393,530000.0
18394,500000.0
18395,1800000.0
18396,650000.0
18397,219950.0
18398,203700.0
18399,663000.0
18400,1047500.0
18401,335000.0
18402,695000.0
18403,490000.0
18404,240000.0
18405,687500.0
18406,825000.0
18407,619500.0
18408,700000.0
18409,590000.0
18410,1078500.0
18411,245000.0
18412,490000.0
18413,270000.0
18414,289000.0
18415,240000.0
18416,790000.0
18417,246950.0
18418,400000.0
18419,615000.0
18420,775000.0
18421,825000.0
18422,275900.0
18423,233000.0
18424,325000.0
18425,275000.0
18426,1705000.0
18427,300000.0
18428,920000.0
18429,2300000.0
18430,568000.0
18431,394000.0
18432,315000.0
18433,474000.0
18434,440500.0
18435,273000.0
18436,950000.0
18437,281000.0
18438,470000.0
18439,848000.0
18440,340000.0
18441,570000.0
18442,2750000.0
18443,228900.0
18444,647000.0
18445,350000.0
18446,268000.0
18447,497000.0
18448,419000.0
18449,1125000.0
18450,1325000.0
18451,499000.0
18452,458000.0
18453,580000.0
18454,966000.0
18455,240000.0
18456,650000.0
18457,1209000.0
18458,849000.0
18459,429950.0
18460,550000.0
18461,264500.0
18462,950000.0
18463,677500.0
18464,690000.0
18465,840000.0
18466,515000.0
18467,810000.0
18468,252000.0
18469,530000.0
18470,804000.0
18471,350000.0
18472,194000.0
18473,310000.0
18474,315000.0
18475,258950.0
18476,400000.0
18477,460000.0
18478,440000.0
18479,185000.0
18480,286500.0
18481,422000.0
18482,385000.0
18483,635200.0
18484,544000.0
18485,402000.0
18486,1200000.0
18487,850000.0
18488,625000.0
18489,550000.0
18490,305000.0
18491,395000.0
18492,275000.0
18493,450000.0
18494,373000.0
18495,440000.0
18496,425000.0
18497,1250000.0
18498,800000.0
18499,491000.0
18500,198000.0
18501,250000.0
18502,615000.0
18503,190000.0
18504,530000.0
18505,355000.0
18506,675000.0
18507,332888.0
18508,342500.0
18509,1135000.0
18510,400000.0
18511,410000.0
18512,245000.0
18513,720000.0
18514,315000.0
18515,523000.0
18516,705000.0
18517,219950.0
18518,478000.0
18519,319950.0
18520,306000.0
18521,995000.0
18522,635000.0
18523,295000.0
18524,303000.0
18525,405000.0
18526,869900.0
18527,495000.0
18528,302500.0
18529,435000.0
18530,590000.0
18531,592350.0
18532,855000.0
18533,545000.0
18534,465000.0
18535,1280000.0
18536,372000.0
18537,170000.0
18538,905000.0
18539,365000.0
18540,312000.0
18541,400000.0
18542,278750.0
18543,740000.0
18544,362000.0
18545,380000.0
18546,250000.0
18547,206990.0
18548,400000.0
18549,717000.0
18550,635000.0
18551,355000.0
18552,320000.0
18553,240000.0
18554,1620000.0
18555,688100.0
18556,500000.0
18557,255000.0
18558,700000.0
18559,530000.0
18560,465000.0
18561,498688.0
18562,349900.0
18563,260000.0
18564,290000.0
18565,1950000.0
18566,289900.0
18567,339950.0
18568,380000.0
18569,440000.0
18570,402000.0
18571,625000.0
18572,432000.0
18573,335500.0
18574,336000.0
18575,294400.0
18576,255000.0
18577,435000.0
18578,636000.0
18579,1443920.0
18580,271920.0
18581,309000.0
18582,600000.0
18583,350000.0
18584,2575000.0
18585,315000.0
18586,590000.0
18587,325000.0
18588,625000.0
18589,831000.0
18590,839900.0
18591,739000.0
18592,319950.0
18593,448500.0
18594,445000.0
18595,315000.0
18596,832500.0
18597,389950.0
18598,395000.0
18599,500000.0
18600,936000.0
18601,1100000.0
18602,247000.0
18603,385000.0
18604,485000.0
18605,1260000.0
18606,430000.0
18607,365000.0
18608,420000.0
18609,338995.0
18610,312500.0
18611,513000.0
18612,401000.0
18613,317000.0
18614,500000.0
18615,140000.0
18616,595000.0
18617,597000.0
18618,325000.0
18619,325000.0
18620,490000.0
18621,295000.0
18622,398000.0
18623,218000.0
18624,1595000.0
18625,348500.0
18626,592500.0
18627,257500.0
18628,405000.0
18629,290000.0
18630,222000.0
18631,315000.0
18632,267300.0
18633,585000.0
18634,506000.0
18635,151100.0
18636,479000.0
18637,247000.0
18638,299500.0
18639,577000.0
18640,375000.0
18641,650000.0
18642,975000.0
18643,815000.0
18644,744000.0
18645,460000.0
18646,231000.0
18647,195000.0
18648,895000.0
18649,1110000.0
18650,375000.0
18651,452000.0
18652,601500.0
18653,310000.0
18654,400000.0
18655,437000.0
18656,350000.0
18657,382500.0
18658,1665000.0
18659,615000.0
18660,438950.0
18661,260000.0
18662,335000.0
18663,545000.0
18664,115000.0
18665,1450000.0
18666,615000.0
18667,250000.0
18668,265500.0
18669,549000.0
18670,350000.0
18671,197400.0
18672,600000.0
18673,225000.0
18674,595000.0
18675,330000.0
18676,485000.0
18677,432500.0
18678,480000.0
18679,650000.0
18680,1199500.0
18681,481015.0
18682,180000.0
18683,345000.0
18684,950000.0
18685,741000.0
18686,737000.0
18687,668750.0
18688,583000.0
18689,215000.0
18690,795127.0
18691,290000.0
18692,385000.0
18693,280000.0
18694,325000.0
18695,895000.0
18696,162248.0
18697,260000.0
18698,749950.0
18699,175000.0
18700,190000.0
18701,625000.0
18702,400000.0
18703,1000000.0
18704,850000.0
18705,450000.0
18706,305000.0
18707,468000.0
18708,324950.0
18709,290000.0
18710,336500.0
18711,685000.0
18712,4208000.0
18713,357000.0
18714,207000.0
18715,347000.0
18716,615000.0
18717,660000.0
18718,628000.0
18719,870000.0
18720,570000.0
18721,263000.0
18722,317000.0
18723,710000.0
18724,230000.0
18725,185000.0
18726,680000.0
18727,592500.0
18728,305000.0
18729,540000.0
18730,650000.0
18731,815000.0
18732,502775.0
18733,399950.0
18734,850000.0
18735,314950.0
18736,645000.0
18737,222500.0
18738,517000.0
18739,230500.0
18740,377500.0
18741,627250.0
18742,162000.0
18743,705000.0
18744,450000.0
18745,185000.0
18746,260000.0
18747,356000.0
18748,572000.0
18749,970000.0
18750,348450.0
18751,745000.0
18752,333000.0
18753,840500.0
18754,432000.0
18755,740000.0
18756,1030000.0
18757,350000.0
18758,567500.0
18759,313000.0
18760,545000.0
18761,445000.0
18762,845000.0
18763,417000.0
18764,759950.0
18765,990000.0
18766,315000.0
18767,515000.0
18768,1960000.0
18769,635000.0
18770,648000.0
18771,932808.0
18772,835000.0
18773,677915.0
18774,1075000.0
18775,313999.0
18776,452000.0
18777,288000.0
18778,227490.0
18779,470950.0
18780,291000.0
18781,467000.0
18782,669888.0
18783,405000.0
18784,280000.0
18785,495200.0
18786,458500.0
18787,2535000.0
18788,325000.0
18789,945000.0
18790,370000.0
18791,290000.0
18792,379950.0
18793,278000.0
18794,227000.0
18795,686500.0
18796,425000.0
18797,590000.0
18798,1295000.0
18799,260000.0
18800,252000.0
18801,425000.0
18802,475200.0
18803,425000.0
18804,455000.0
18805,780000.0
18806,670000.0
18807,325000.0
18808,485000.0
18809,747000.0
18810,335000.0
18811,287000.0
18812,425000.0
18813,518000.0
18814,335500.0
18815,515000.0
18816,292000.0
18817,450000.0
18818,429000.0
18819,765000.0
18820,505000.0
18821,475000.0
18822,565000.0
18823,529100.0
18824,452500.0
18825,245000.0
18826,415000.0
18827,363500.0
18828,510000.0
18829,824000.0
18830,537000.0
18831,329900.0
18832,282500.0
18833,495000.0
18834,149500.0
18835,726000.0
18836,899000.0
18837,317000.0
18838,395000.0
18839,538000.0
18840,432000.0
18841,335000.0
18842,560000.0
18843,433200.0
18844,343000.0
18845,727000.0
18846,599000.0
18847,165000.0
18848,718000.0
18849,349000.0
18850,305000.0
18851,799950.0
18852,339950.0
18853,370000.0
18854,725000.0
18855,315000.0
18856,430000.0
18857,240000.0
18858,132500.0
18859,245000.0
18860,310000.0
18861,472500.0
18862,340000.0
18863,400000.0
18864,209000.0
18865,335000.0
18866,967000.0
18867,326000.0
18868,525000.0
18869,350000.0
18870,936000.0
18871,428000.0
18872,539000.0
18873,590000.0
18874,575000.0
18875,509000.0
18876,555000.0
18877,430000.0
18878,850000.0
18879,469000.0
18880,372000.0
18881,275000.0
18882,313500.0
18883,345000.0
18884,206000.0
18885,890000.0
18886,250000.0
18887,246000.0
18888,160000.0
18889,487000.0
18890,469950.0
18891,310000.0
18892,280000.0
18893,200000.0
18894,500000.0
18895,242500.0
18896,545000.0
18897,350000.0
18898,330000.0
18899,635000.0
18900,330000.0
18901,413252.0
18902,600000.0
18903,365000.0
18904,230000.0
18905,360000.0
18906,825000.0
18907,644500.0
18908,320000.0
18909,266950.0
18910,633100.0
18911,259250.0
18912,777700.0
18913,570000.0
18914,870000.0
18915,532000.0
18916,649000.0
18917,445500.0
18918,110000.0
18919,375000.0
18920,255000.0
18921,380000.0
18922,1698890.0
18923,735000.0
18924,677500.0
18925,350000.0
18926,875000.0
18927,915000.0
18928,453000.0
18929,287200.0
18930,1135000.0
18931,360000.0
18932,619000.0
18933,535000.0
18934,600000.0
18935,1180000.0
18936,381000.0
18937,550000.0
18938,339950.0
18939,730100.0
18940,219000.0
18941,525000.0
18942,320000.0
18943,260000.0
18944,637000.0
18945,252500.0
18946,548000.0
18947,680000.0
18948,220000.0
18949,279500.0
18950,1610000.0
18951,380000.0
18952,245000.0
18953,680000.0
18954,419000.0
18955,575000.0
18956,551000.0
18957,675000.0
18958,402000.0
18959,579000.0
18960,713500.0
18961,240000.0
18962,570000.0
18963,243800.0
18964,543000.0
18965,1010000.0
18966,459950.0
18967,910000.0
18968,699000.0
18969,429000.0
18970,685000.0
18971,299000.0
18972,293500.0
18973,481000.0
18974,311100.0
18975,760000.0
18976,260000.0
18977,430000.0
18978,466200.0
18979,185000.0
18980,290000.0
18981,964000.0
18982,384200.0
18983,370000.0
18984,717500.0
18985,365500.0
18986,744000.0
18987,830000.0
18988,270000.0
18989,272450.0
18990,605000.0
18991,1688000.0
18992,265000.0
18993,395000.0
18994,340000.0
18995,335000.0
18996,685000.0
18997,350000.0
18998,325000.0
18999,585000.0
19000,350500.0
19001,280000.0
19002,349000.0
19003,1100000.0
19004,336000.0
19005,732000.0
19006,860000.0
19007,551000.0
19008,535000.0
19009,234300.0
19010,190000.0
19011,520000.0
19012,600000.0
19013,664000.0
19014,698000.0
19015,227000.0
19016,594950.0
19017,461000.0
19018,1822500.0
19019,546000.0
19020,790000.0
19021,696500.0
19022,2415000.0
19023,379500.0
19024,415000.0
19025,415000.0
19026,450000.0
19027,485000.0
19028,716500.0
19029,575000.0
19030,785000.0
19031,265000.0
19032,292500.0
19033,495000.0
19034,342000.0
19035,320000.0
19036,444000.0
19037,804100.0
19038,432000.0
19039,780000.0
19040,611000.0
19041,475999.0
19042,450000.0
19043,652000.0
19044,745000.0
19045,485000.0
19046,455000.0
19047,434900.0
19048,1328000.0
19049,565000.0
19050,505000.0
19051,207000.0
19052,172380.0
19053,355000.0
19054,728935.0
19055,515000.0
19056,215000.0
19057,135000.0
19058,585000.0
19059,500000.0
19060,233000.0
19061,334000.0
19062,332500.0
19063,310000.0
19064,310000.0
19065,1775000.0
19066,295000.0
19067,415000.0
19068,905000.0
19069,530000.0
19070,310000.0
19071,370000.0
19072,311000.0
19073,217500.0
19074,715000.0
19075,289950.0
19076,304400.0
19077,780000.0
19078,520000.0
19079,260000.0
19080,370000.0
19081,294350.0
19082,965000.0
19083,349950.0
19084,575000.0
19085,565000.0
19086,459000.0
19087,375000.0
19088,210000.0
19089,180000.0
19090,780000.0
19091,492000.0
19092,353500.0
19093,765000.0
19094,439000.0
19095,252000.0
19096,327000.0
19097,898000.0
19098,418500.0
19099,440000.0
19100,350000.0
19101,240000.0
19102,267500.0
19103,201000.0
19104,479500.0
19105,399000.0
19106,785000.0
19107,557000.0
19108,431000.0
19109,280000.0
19110,550000.0
19111,515000.0
19112,157000.0
19113,2340000.0
19114,307500.0
19115,830000.0
19116,220000.0
19117,650000.0
19118,410000.0
19119,1160000.0
19120,440000.0
19121,275000.0
19122,766000.0
19123,1325000.0
19124,325000.0
19125,364500.0
19126,338900.0
19127,910000.0
19128,459950.0
19129,775000.0
19130,325000.0
19131,409000.0
19132,400000.0
19133,491300.0
19134,471001.0
19135,510000.0
19136,86500.0
19137,850000.0
19138,340000.0
19139,505000.0
19140,263850.0
19141,289000.0
19142,375000.0
19143,402000.0
19144,585000.0
19145,549000.0
19146,705000.0
19147,592000.0
19148,640000.0
19149,384000.0
19150,168000.0
19151,549000.0
19152,389000.0
19153,540000.0
19154,273500.0
19155,257000.0
19156,339100.0
19157,435000.0
19158,575000.0
19159,465000.0
19160,285000.0
19161,320000.0
19162,670000.0
19163,838000.0
19164,390000.0
19165,380000.0
19166,199900.0
19167,898000.0
19168,318000.0
19169,624500.0
19170,500000.0
19171,284000.0
19172,665000.0
19173,699000.0
19174,467000.0
19175,593000.0
19176,223000.0
19177,574000.0
19178,593777.0
19179,428000.0
19180,695000.0
19181,700000.0
19182,470000.0
19183,335000.0
19184,589000.0
19185,572500.0
19186,302000.0
19187,240000.0
19188,372000.0
19189,348000.0
19190,754000.0
19191,891500.0
19192,349950.0
19193,466950.0
19194,762300.0
19195,420000.0
19196,485000.0
19197,3395000.0
19198,267800.0
19199,395000.0
19200,212000.0
19201,870000.0
19202,420000.0
19203,915000.0
19204,326250.0
19205,160000.0
19206,625000.0
19207,575000.0
19208,130000.0
19209,129000.0
19210,340000.0
19211,214950.0
19212,515000.0
19213,255000.0
19214,580000.0
19215,389000.0
19216,327000.0
19217,1680000.0
19218,639900.0
19219,292000.0
19220,563500.0
19221,389000.0
19222,2750000.0
19223,344000.0
19224,410000.0
19225,734000.0
19226,300000.0
19227,235000.0
19228,335000.0
19229,558000.0
19230,493000.0
19231,740000.0
19232,789800.0
19233,407185.0
19234,675000.0
19235,680000.0
19236,380000.0
19237,868500.0
19238,385000.0
19239,810000.0
19240,260000.0
19241,557865.0
19242,307300.0
19243,290000.0
19244,590000.0
19245,667000.0
19246,664000.0
19247,290000.0
19248,662500.0
19249,1103990.0
19250,212000.0
19251,279000.0
19252,619000.0
19253,230000.0
19254,460000.0
19255,385000.0
19256,315000.0
19257,205000.0
19258,599000.0
19259,2225000.0
19260,639950.0
19261,822000.0
19262,1340000.0
19263,450000.0
19264,273000.0
19265,913888.0
19266,602500.0
19267,355000.0
19268,756000.0
19269,800000.0
19270,350000.0
19271,310000.0
19272,360000.0
19273,267500.0
19274,850000.0
19275,429950.0
19276,580000.0
19277,240000.0
19278,275000.0
19279,1225000.0
19280,375000.0
19281,295000.0
19282,429000.0
19283,660000.0
19284,420000.0
19285,400000.0
19286,346500.0
19287,570000.0
19288,645000.0
19289,280000.0
19290,495000.0
19291,549010.0
19292,920000.0
19293,537100.0
19294,579000.0
19295,319000.0
19296,795000.0
19297,1010000.0
19298,420000.0
19299,775000.0
19300,480000.0
19301,600000.0
19302,285000.0
19303,476000.0
19304,335000.0
19305,999000.0
19306,265800.0
19307,550000.0
19308,510000.0
19309,390000.0
19310,1500000.0
19311,115000.0
19312,139950.0
19313,580050.0
19314,354950.0
19315,980000.0
19316,500000.0
19317,735000.0
19318,234950.0
19319,269950.0
19320,438000.0
19321,260000.0
19322,290700.0
19323,248000.0
19324,159995.0
19325,430000.0
19326,417000.0
19327,600000.0
19328,610000.0
19329,488000.0
19330,320000.0
19331,153500.0
19332,750000.0
19333,325000.0
19334,440000.0
19335,299999.0
19336,255000.0
19337,415950.0
19338,479000.0
19339,462370.0
19340,320000.0
19341,239900.0
19342,380000.0
19343,2400000.0
19344,234500.0
19345,230000.0
19346,345000.0
19347,430000.0
19348,378000.0
19349,360000.0
19350,294000.0
19351,760000.0
19352,615000.0
19353,425000.0
19354,325250.0
19355,557500.0
19356,249950.0
19357,1989000.0
19358,475000.0
19359,350000.0
19360,357500.0
19361,195000.0
19362,255000.0
19363,719000.0
19364,796000.0
19365,525000.0
19366,417000.0
19367,685000.0
19368,246000.0
19369,925000.0
19370,406000.0
19371,310000.0
19372,350000.0
19373,610000.0
19374,277000.0
19375,283000.0
19376,640000.0
19377,592500.0
19378,560000.0
19379,475000.0
19380,850000.0
19381,630000.0
19382,275000.0
19383,935000.0
19384,274000.0
19385,499000.0
19386,390000.0
19387,265000.0
19388,569950.0
19389,438000.0
19390,349810.0
19391,1040000.0
19392,295000.0
19393,515000.0
19394,730000.0
19395,244000.0
19396,378510.0
19397,379900.0
19398,620000.0
19399,308500.0
19400,295000.0
19401,295950.0
19402,270000.0
19403,712000.0
19404,410000.0
19405,588000.0
19406,355000.0
19407,716000.0
19408,327000.0
19409,229950.0
19410,239000.0
19411,285000.0
19412,530000.0
19413,390000.0
19414,420000.0
19415,110000.0
19416,700000.0
19417,179000.0
19418,299000.0
19419,343000.0
19420,273950.0
19421,825000.0
19422,255000.0
19423,250000.0
19424,635000.0
19425,600000.0
19426,560000.0
19427,998000.0
19428,725000.0
19429,210000.0
19430,330000.0
19431,1050000.0
19432,545000.0
19433,260000.0
19434,373500.0
19435,450000.0
19436,365000.0
19437,452000.0
19438,840000.0
19439,397000.0
19440,375000.0
19441,160000.0
19442,952000.0
19443,523460.0
19444,420000.0
19445,865000.0
19446,700000.0
19447,327000.0
19448,805000.0
19449,240000.0
19450,1520000.0
19451,383000.0
19452,249950.0
19453,475000.0
19454,419000.0
19455,910000.0
19456,525000.0
19457,310000.0
19458,205000.0
19459,530000.0
19460,251000.0
19461,1042030.0
19462,455000.0
19463,464950.0
19464,437500.0
19465,599000.0
19466,462600.0
19467,335000.0
19468,1340000.0
19469,671000.0
19470,245000.0
19471,505000.0
19472,395000.0
19473,396000.0
19474,440000.0
19475,405000.0
19476,1500000.0
19477,790100.0
19478,367300.0
19479,750000.0
19480,1020000.0
19481,972000.0
19482,361280.0
19483,475000.0
19484,724950.0
19485,585000.0
19486,480000.0
19487,432500.0
19488,240000.0
19489,555950.0
19490,289000.0
19491,745000.0
19492,397000.0
19493,535000.0
19494,270000.0
19495,1105000.0
19496,266000.0
19497,615000.0
19498,310000.0
19499,310000.0
19500,270000.0
19501,735000.0
19502,537000.0
19503,229000.0
19504,522500.0
19505,2000000.0
19506,267000.0
19507,1535000.0
19508,675000.0
19509,499000.0
19510,1050000.0
19511,725000.0
19512,405100.0
19513,645000.0
19514,759000.0
19515,288000.0
19516,939000.0
19517,399950.0
19518,502000.0
19519,423000.0
19520,485000.0
19521,1034500.0
19522,380000.0
19523,397950.0
19524,549950.0
19525,430000.0
19526,345000.0
19527,534640.0
19528,745000.0
19529,635000.0
19530,220000.0
19531,345000.0
19532,600000.0
19533,270000.0
19534,225000.0
19535,1950000.0
19536,975000.0
19537,930000.0
19538,619100.0
19539,335000.0
19540,399000.0
19541,157500.0
19542,550000.0
19543,542000.0
19544,710000.0
19545,1900000.0
19546,155000.0
19547,915000.0
19548,350000.0
19549,545000.0
19550,1150000.0
19551,1395000.0
19552,1085000.0
19553,359000.0
19554,283500.0
19555,1150000.0
19556,1398000.0
19557,2300000.0
19558,465000.0
19559,775000.0
19560,345000.0
19561,392500.0
19562,552000.0
19563,772500.0
19564,550000.0
19565,1330000.0
19566,330490.0
19567,314000.0
19568,625000.0
19569,275000.0
19570,492000.0
19571,190000.0
19572,147000.0
19573,605000.0
19574,345000.0
19575,470000.0
19576,599000.0
19577,550000.0
19578,1305000.0
19579,520000.0
19580,497500.0
19581,734500.0
19582,307000.0
19583,275000.0
19584,1468000.0
19585,900000.0
19586,1035000.0
19587,780000.0
19588,464500.0
19589,120750.0
19590,825000.0
19591,762000.0
19592,880000.0
19593,1950000.0
19594,382500.0
19595,276000.0
19596,500000.0
19597,450000.0
19598,840500.0
19599,421000.0
19600,325000.0
19601,655275.0
19602,246000.0
19603,380000.0
19604,813000.0
19605,1650000.0
19606,375000.0
19607,248000.0
19608,404000.0
19609,1000000.0
19610,990000.0
19611,760000.0
19612,564000.0
19613,299980.0
19614,257000.0
19615,235000.0
19616,453500.0
19617,1220000.0
19618,175000.0
19619,915000.0
19620,225900.0
19621,215000.0
19622,549800.0
19623,338000.0
19624,3200000.0
19625,480000.0
19626,335000.0
19627,665000.0
19628,423000.0
19629,273500.0
19630,700000.0
19631,405000.0
19632,1800000.0
19633,242000.0
19634,727160.0
19635,1110000.0
19636,750500.0
19637,503000.0
19638,482500.0
19639,375000.0
19640,470000.0
19641,2300000.0
19642,175000.0
19643,439950.0
19644,230000.0
19645,730000.0
19646,237000.0
19647,525000.0
19648,294000.0
19649,400000.0
19650,458000.0
19651,310000.0
19652,625000.0
19653,250000.0
19654,430000.0
19655,790000.0
19656,1681000.0
19657,383900.0
19658,687000.0
19659,558000.0
19660,700000.0
19661,190000.0
19662,540000.0
19663,275000.0
19664,370000.0
19665,329950.0
19666,180000.0
19667,388000.0
19668,705000.0
19669,590000.0
19670,265000.0
19671,237000.0
19672,455000.0
19673,267000.0
19674,342500.0
19675,475000.0
19676,710000.0
19677,518000.0
19678,402000.0
19679,585000.0
19680,128000.0
19681,448500.0
19682,779000.0
19683,335000.0
19684,1850000.0
19685,799990.0
19686,371000.0
19687,343000.0
19688,265000.0
19689,825000.0
19690,645000.0
19691,300000.0
19692,593567.0
19693,440000.0
19694,422500.0
19695,480000.0
19696,672500.0
19697,605000.0
19698,1675000.0
19699,725000.0
19700,595000.0
19701,366000.0
19702,715000.0
19703,280500.0
19704,560000.0
19705,437000.0
19706,447000.0
19707,325000.0
19708,182200.0
19709,500000.0
19710,855000.0
19711,275000.0
19712,546000.0
19713,435000.0
19714,579000.0
19715,525000.0
19716,400000.0
19717,572000.0
19718,162500.0
19719,400000.0
19720,277500.0
19721,1295000.0
19722,385000.0
19723,310000.0
19724,1187500.0
19725,440000.0
19726,335000.0
19727,322000.0
19728,230500.0
19729,655000.0
19730,2480000.0
19731,330000.0
19732,500000.0
19733,1335000.0
19734,465000.0
19735,1520000.0
19736,322000.0
19737,539000.0
19738,409000.0
19739,535000.0
19740,286000.0
19741,710000.0
19742,464000.0
19743,495000.0
19744,257500.0
19745,640000.0
19746,172500.0
19747,840000.0
19748,251000.0
19749,265000.0
19750,827235.0
19751,300499.0
19752,865000.0
19753,442500.0
19754,1565000.0
19755,245000.0
19756,379950.0
19757,315000.0
19758,427500.0
19759,313000.0
19760,431500.0
19761,415000.0
19762,490000.0
19763,275000.0
19764,410000.0
19765,960000.0
19766,239000.0
19767,525000.0
19768,279000.0
19769,200500.0
19770,387500.0
19771,305000.0
19772,276000.0
19773,819000.0
19774,222000.0
19775,635000.0
19776,490000.0
19777,608000.0
19778,325000.0
19779,447000.0
19780,825000.0
19781,265000.0
19782,762450.0
19783,415000.0
19784,747000.0
19785,395000.0
19786,215000.0
19787,540000.0
19788,987000.0
19789,640000.0
19790,532000.0
19791,579000.0
19792,1400000.0
19793,660000.0
19794,374990.0
19795,660000.0
19796,226000.0
19797,840000.0
19798,247500.0
19799,330000.0
19800,500000.0
19801,560000.0
19802,530000.0
19803,270000.0
19804,1250000.0
19805,340000.0
19806,750000.0
19807,230000.0
19808,180000.0
19809,650000.0
19810,324450.0
19811,588000.0
19812,383000.0
19813,1200000.0
19814,600000.0
19815,250000.0
19816,515000.0
19817,860000.0
19818,550000.0
19819,180000.0
19820,616950.0
19821,290000.0
19822,550000.0
19823,387846.0
19824,367500.0
19825,370000.0
19826,465000.0
19827,323000.0
19828,1320000.0
19829,450000.0
19830,354000.0
19831,705000.0
19832,445000.0
19833,535000.0
19834,437400.0
19835,555000.0
19836,329000.0
19837,375000.0
19838,623000.0
19839,960000.0
19840,375000.0
19841,250500.0
19842,257000.0
19843,1300000.0
19844,475000.0
19845,1309500.0
19846,264500.0
19847,1815000.0
19848,416000.0
19849,360000.0
19850,447000.0
19851,439950.0
19852,375000.0
19853,565000.0
19854,275000.0
19855,528000.0
19856,1200000.0
19857,485000.0
19858,202500.0
19859,710000.0
19860,535000.0
19861,323400.0
19862,400000.0
19863,660000.0
19864,534000.0
19865,215000.0
19866,1400000.0
19867,212000.0
19868,265000.0
19869,315000.0
19870,664000.0
19871,160000.0
19872,270000.0
19873,300000.0
19874,264950.0
19875,209950.0
19876,850000.0
19877,289950.0
19878,329000.0
19879,750000.0
19880,672500.0
19881,1307000.0
19882,615000.0
19883,321000.0
19884,288000.0
19885,248500.0
19886,740000.0
19887,445000.0
19888,198500.0
19889,336500.0
19890,315000.0
19891,500000.0
19892,420000.0
19893,1030000.0
19894,390000.0
19895,625000.0
19896,257000.0
19897,1350000.0
19898,350000.0
19899,175000.0
19900,1050000.0
19901,1500000.0
19902,295000.0
19903,1387000.0
19904,600000.0
19905,275000.0
19906,399000.0
19907,139000.0
19908,230000.0
19909,318000.0
19910,817000.0
19911,1200000.0
19912,641500.0
19913,415000.0
19914,781000.0
19915,302300.0
19916,926250.0
19917,616000.0
19918,395000.0
19919,206000.0
19920,305000.0
19921,575000.0
19922,225000.0
19923,570000.0
19924,321000.0
19925,424950.0
19926,340000.0
19927,830005.0
19928,548000.0
19929,667400.0
19930,1220000.0
19931,544000.0
19932,765000.0
19933,760000.0
19934,202000.0
19935,470000.0
19936,440000.0
19937,416000.0
19938,658100.0
19939,627000.0
19940,1125000.0
19941,444950.0
19942,598000.0
19943,298500.0
19944,403950.0
19945,271000.0
19946,395000.0
19947,225000.0
19948,300000.0
19949,821000.0
19950,885000.0
19951,376000.0
19952,407000.0
19953,485000.0
19954,460000.0
19955,355000.0
19956,155000.0
19957,435000.0
19958,213000.0
19959,199988.0
19960,320000.0
19961,450000.0
19962,223000.0
19963,279000.0
19964,185000.0
19965,385000.0
19966,968000.0
19967,269000.0
19968,885000.0
19969,455000.0
19970,740000.0
19971,326000.0
19972,568500.0
19973,283000.0
19974,875000.0
19975,1310000.0
19976,252500.0
19977,376000.0
19978,440000.0
19979,455000.0
19980,250000.0
19981,585000.0
19982,420000.0
19983,767250.0
19984,500000.0
19985,355500.0
19986,369000.0
19987,256000.0
19988,369950.0
19989,1200690.0
19990,799500.0
19991,347950.0
19992,205000.0
19993,535000.0
19994,222500.0
19995,339000.0
19996,712000.0
19997,335000.0
19998,367000.0
19999,635000.0
20000,395000.0
20001,570000.0
20002,470000.0
20003,442000.0
20004,448000.0
20005,645000.0
20006,590000.0
20007,305000.0
20008,420000.0
20009,429000.0
20010,540000.0
20011,637000.0
20012,210000.0
20013,550000.0
20014,795000.0
20015,495000.0
20016,184900.0
20017,386000.0
20018,2140000.0
20019,280000.0
20020,500000.0
20021,290000.0
20022,365000.0
20023,554000.0
20024,508500.0
20025,206000.0
20026,643500.0
20027,208000.0
20028,478000.0
20029,890000.0
20030,450000.0
20031,518000.0
20032,330000.0
20033,449400.0
20034,437500.0
20035,600000.0
20036,560000.0
20037,1920000.0
20038,550000.0
20039,150000.0
20040,350000.0
20041,273000.0
20042,240000.0
20043,278000.0
20044,540000.0
20045,225000.0
20046,1650000.0
20047,150000.0
20048,620000.0
20049,299950.0
20050,175000.0
20051,315000.0
20052,330000.0
20053,1300000.0
20054,126500.0
20055,1400000.0
20056,260000.0
20057,820000.0
20058,449950.0
20059,449950.0
20060,825000.0
20061,333000.0
20062,280000.0
20063,202000.0
20064,364000.0
20065,300000.0
20066,515000.0
20067,813500.0
20068,725000.0
20069,490000.0
20070,460000.0
20071,750000.0
20072,566000.0
20073,264950.0
20074,507500.0
20075,300000.0
20076,986000.0
20077,315000.0
20078,760000.0
20079,355000.0
20080,474950.0
20081,520000.0
20082,237600.0
20083,635000.0
20084,910000.0
20085,425000.0
20086,137000.0
20087,415000.0
20088,949000.0
20089,353000.0
20090,560000.0
20091,445700.0
20092,358000.0
20093,734950.0
20094,350500.0
20095,610000.0
20096,1388000.0
20097,335000.0
20098,160000.0
20099,2300000.0
20100,615000.0
20101,129000.0
20102,575000.0
20103,225000.0
20104,405000.0
20105,152500.0
20106,720000.0
20107,465000.0
20108,288000.0
20109,415000.0
20110,401000.0
20111,414950.0
20112,445000.0
20113,296500.0
20114,302000.0
20115,667000.0
20116,430000.0
20117,495000.0
20118,965000.0
20119,636100.0
20120,720000.0
20121,298000.0
20122,409000.0
20123,290000.0
20124,420000.0
20125,957000.0
20126,170000.0
20127,357000.0
20128,173250.0
20129,537000.0
20130,385000.0
20131,875000.0
20132,420000.0
20133,370000.0
20134,360500.0
20135,389999.0
20136,247500.0
20137,379400.0
20138,550000.0
20139,637500.0
20140,600000.0
20141,132825.0
20142,469000.0
20143,322000.0
20144,625000.0
20145,780000.0
20146,354000.0
20147,305000.0
20148,733000.0
20149,1475000.0
20150,625000.0
20151,660000.0
20152,233000.0
20153,500000.0
20154,540000.0
20155,712000.0
20156,425000.0
20157,515000.0
20158,375000.0
20159,360000.0
20160,450500.0
20161,413000.0
20162,960000.0
20163,180000.0
20164,224400.0
20165,280000.0
20166,385000.0
20167,325000.0
20168,290000.0
20169,1776000.0
20170,334999.0
20171,655000.0
20172,1298000.0
20173,297950.0
20174,490000.0
20175,680000.0
20176,280000.0
20177,429900.0
20178,231000.0
20179,420000.0
20180,250000.0
20181,275000.0
20182,435000.0
20183,1185000.0
20184,752000.0
20185,1200000.0
20186,640000.0
20187,531800.0
20188,502000.0
20189,997950.0
20190,335000.0
20191,735000.0
20192,425000.0
20193,212000.0
20194,420000.0
20195,625000.0
20196,705000.0
20197,265000.0
20198,297000.0
20199,410000.0
20200,620000.0
20201,315000.0
20202,1880000.0
20203,219000.0
20204,569950.0
20205,1457000.0
20206,349900.0
20207,1454000.0
20208,499950.0
20209,685000.0
20210,387500.0
20211,254950.0
20212,500000.0
20213,545000.0
20214,279000.0
20215,625000.0
20216,250000.0
20217,220000.0
20218,640000.0
20219,2250000.0
20220,624900.0
20221,400000.0
20222,364000.0
20223,475000.0
20224,317000.0
20225,427500.0
20226,247500.0
20227,244000.0
20228,578550.0
20229,489000.0
20230,190000.0
20231,189950.0
20232,637500.0
20233,209950.0
20234,543500.0
20235,515000.0
20236,476800.0
20237,455600.0
20238,270000.0
20239,370000.0
20240,520000.0
20241,420000.0
20242,435000.0
20243,840000.0
20244,398000.0
20245,826000.0
20246,742000.0
20247,739000.0
20248,334000.0
20249,179900.0
20250,499950.0
20251,780000.0
20252,525000.0
20253,500000.0
20254,440000.0
20255,145000.0
20256,331000.0
20257,780000.0
20258,550000.0
20259,390000.0
20260,630100.0
20261,269000.0
20262,250000.0
20263,179000.0
20264,565000.0
20265,281700.0
20266,775000.0
20267,345000.0
20268,300000.0
20269,410000.0
20270,650000.0
20271,541000.0
20272,530000.0
20273,715000.0
20274,490000.0
20275,330000.0
20276,650000.0
20277,1562000.0
20278,650500.0
20279,710000.0
20280,463828.0
20281,597500.0
20282,363000.0
20283,405000.0
20284,361600.0
20285,258000.0
20286,241500.0
20287,248500.0
20288,631500.0
20289,386100.0
20290,645500.0
20291,570000.0
20292,1200000.0
20293,495000.0
20294,465000.0
20295,160000.0
20296,500000.0
20297,768000.0
20298,336900.0
20299,500000.0
20300,419950.0
20301,290000.0
20302,665000.0
20303,2510000.0
20304,512500.0
20305,600000.0
20306,270000.0
20307,219000.0
20308,220000.0
20309,616000.0
20310,770000.0
20311,840000.0
20312,303697.0
20313,1650000.0
20314,183000.0
20315,407193.0
20316,245000.0
20317,337000.0
20318,1095000.0
20319,260000.0
20320,776000.0
20321,425000.0
20322,957000.0
20323,253000.0
20324,805000.0
20325,598555.0
20326,625000.0
20327,340000.0
20328,559950.0
20329,550000.0
20330,465000.0
20331,217500.0
20332,2005000.0
20333,1364000.0
20334,710000.0
20335,500000.0
20336,755000.0
20337,1080000.0
20338,425000.0
20339,242000.0
20340,680000.0
20341,217000.0
20342,395000.0
20343,845000.0
20344,455000.0
20345,839000.0
20346,600000.0
20347,498000.0
20348,355000.0
20349,322000.0
20350,809950.0
20351,969500.0
20352,665000.0
20353,635000.0
20354,427000.0
20355,488800.0
20356,799000.0
20357,1320000.0
20358,590000.0
20359,990000.0
20360,1210000.0
20361,900000.0
20362,234000.0
20363,475000.0
20364,749000.0
20365,270000.0
20366,275000.0
20367,539900.0
20368,886000.0
20369,245000.0
20370,339275.0
20371,425000.0
20372,170000.0
20373,623000.0
20374,638150.0
20375,269950.0
20376,159100.0
20377,275000.0
20378,425000.0
20379,620047.0
20380,480000.0
20381,871000.0
20382,440000.0
20383,752888.0
20384,283700.0
20385,285000.0
20386,335000.0
20387,334200.0
20388,642000.0
20389,299000.0
20390,306000.0
20391,517000.0
20392,360000.0
20393,645000.0
20394,217000.0
20395,255000.0
20396,615000.0
20397,619400.0
20398,975000.0
20399,778000.0
20400,1595000.0
20401,950000.0
20402,239000.0
20403,675000.0
20404,397500.0
20405,1190000.0
20406,360000.0
20407,115000.0
20408,550000.0
20409,552000.0
20410,590000.0
20411,610000.0
20412,623500.0
20413,289000.0
20414,400000.0
20415,342000.0
20416,850000.0
20417,185000.0
20418,850000.0
20419,437000.0
20420,440000.0
20421,340000.0
20422,351000.0
20423,310000.0
20424,500000.0
20425,410000.0
20426,1990000.0
20427,300000.0
20428,1321620.0
20429,1444000.0
20430,305000.0
20431,700000.0
20432,630000.0
20433,340000.0
20434,477500.0
20435,315000.0
20436,830000.0
20437,536000.0
20438,412000.0
20439,607000.0
20440,381500.0
20441,363000.0
20442,800000.0
20443,577000.0
20444,457000.0
20445,210000.0
20446,220000.0
20447,1735000.0
20448,970000.0
20449,259000.0
20450,612000.0
20451,230000.0
20452,207200.0
20453,883000.0
20454,180500.0
20455,718000.0
20456,279950.0
20457,176000.0
20458,290000.0
20459,295000.0
20460,240000.0
20461,499000.0
20462,456000.0
20463,475000.0
20464,762400.0
20465,330000.0
20466,449500.0
20467,511100.0
20468,317950.0
20469,399000.0
20470,845000.0
20471,373000.0
20472,365000.0
20473,700000.0
20474,340000.0
20475,267000.0
20476,415000.0
20477,158000.0
20478,535000.0
20479,262500.0
20480,900000.0
20481,1100000.0
20482,368000.0
20483,273500.0
20484,225000.0
20485,345000.0
20486,605000.0
20487,390000.0
20488,488000.0
20489,299950.0
20490,355000.0
20491,2367000.0
20492,452000.0
20493,479000.0
20494,529999.0
20495,250000.0
20496,591000.0
20497,538000.0
20498,349500.0
20499,740000.0
20500,475000.0
20501,229500.0
20502,385000.0
20503,380000.0
20504,625000.0
20505,330000.0
20506,280000.0
20507,556000.0
20508,259000.0
20509,425000.0
20510,3300000.0
20511,250000.0
20512,625000.0
20513,430000.0
20514,243950.0
20515,655000.0
20516,255000.0
20517,2920000.0
20518,424305.0
20519,208000.0
20520,372000.0
20521,255950.0
20522,570000.0
20523,246500.0
20524,403000.0
20525,299950.0
20526,212000.0
20527,343000.0
20528,515000.0
20529,290000.0
20530,952500.0
20531,235000.0
20532,1050000.0
20533,419995.0
20534,1500000.0
20535,718500.0
20536,474000.0
20537,306000.0
20538,1065000.0
20539,350500.0
20540,675000.0
20541,822500.0
20542,705000.0
20543,359000.0
20544,850000.0
20545,252000.0
20546,415000.0
20547,1062500.0
20548,400000.0
20549,595000.0
20550,1728000.0
20551,230000.0
20552,690000.0
20553,330000.0
20554,310000.0
20555,885250.0
20556,2700000.0
20557,245000.0
20558,305000.0
20559,840000.0
20560,285000.0
20561,300000.0
20562,174500.0
20563,695000.0
20564,255000.0
20565,539000.0
20566,552700.0
20567,186950.0
20568,520000.0
20569,330000.0
20570,529000.0
20571,473000.0
20572,672600.0
20573,340000.0
20574,206000.0
20575,325000.0
20576,475000.0
20577,545000.0
20578,115000.0
20579,705640.0
20580,245000.0
20581,564000.0
20582,849000.0
20583,319000.0
20584,1450000.0
20585,695000.0
20586,680000.0
20587,287500.0
20588,602000.0
20589,206000.0
20590,491150.0
20591,665000.0
20592,562000.0
20593,387500.0
20594,580000.0
20595,625000.0
20596,339000.0
20597,839000.0
20598,574000.0
20599,675000.0
20600,165000.0
20601,651000.0
20602,768000.0
20603,315000.0
20604,325000.0
20605,427500.0
20606,732500.0
20607,520000.0
20608,299500.0
20609,405000.0
20610,568000.0
20611,352000.0
20612,595888.0
20613,260000.0
20614,1600000.0
20615,707900.0
20616,179950.0
20617,683000.0
20618,517000.0
20619,379000.0
20620,415000.0
20621,237950.0
20622,572000.0
20623,454000.0
20624,325000.0
20625,495000.0
20626,383000.0
20627,320000.0
20628,262000.0
20629,390000.0
20630,267000.0
20631,788000.0
20632,360000.0
20633,645000.0
20634,713000.0
20635,280000.0
20636,306000.0
20637,946000.0
20638,295000.0
20639,450000.0
20640,230000.0
20641,325000.0
20642,512000.0
20643,410000.0
20644,210000.0
20645,685000.0
20646,488000.0
20647,247500.0
20648,1000000.0
20649,259000.0
20650,630500.0
20651,999000.0
20652,554000.0
20653,400000.0
20654,529941.0
20655,502501.0
20656,607000.0
20657,2147500.0
20658,1085000.0
20659,424000.0
20660,235000.0
20661,465000.0
20662,490000.0
20663,469950.0
20664,575000.0
20665,650000.0
20666,230005.0
20667,293000.0
20668,445000.0
20669,280000.0
20670,335000.0
20671,612000.0
20672,567500.0
20673,452000.0
20674,555000.0
20675,390000.0
20676,1675000.0
20677,400000.0
20678,330000.0
20679,570000.0
20680,475000.0
20681,380000.0
20682,709050.0
20683,296500.0
20684,405000.0
20685,229500.0
20686,270000.0
20687,925850.0
20688,255500.0
20689,245000.0
20690,344950.0
20691,1500000.0
20692,400000.0
20693,350000.0
20694,562000.0
20695,511200.0
20696,680000.0
20697,350000.0
20698,575000.0
20699,850000.0
20700,682000.0
20701,430000.0
20702,734200.0
20703,268000.0
20704,675000.0
20705,410000.0
20706,640000.0
20707,291000.0
20708,350000.0
20709,329000.0
20710,399950.0
20711,410000.0
20712,950000.0
20713,890000.0
20714,410000.0
20715,577000.0
20716,471000.0
20717,560000.0
20718,955000.0
20719,1240000.0
20720,579000.0
20721,950000.0
20722,425000.0
20723,1505000.0
20724,210000.0
20725,449999.0
20726,137000.0
20727,400000.0
20728,365000.0
20729,441000.0
20730,3800000.0
20731,346500.0
20732,550000.0
20733,1001000.0
20734,623000.0
20735,295000.0
20736,770000.0
20737,310000.0
20738,355000.0
20739,512000.0
20740,285000.0
20741,690000.0
20742,872000.0
20743,425000.0
20744,365000.0
20745,725000.0
20746,811000.0
20747,287500.0
20748,135900.0
20749,718500.0
20750,665000.0
20751,425000.0
20752,205000.0
20753,191000.0
20754,789888.0
20755,560000.0
20756,962800.0
20757,665000.0
20758,420000.0
20759,399000.0
20760,400000.0
20761,600000.0
20762,359500.0
20763,240000.0
20764,455000.0
20765,610000.0
20766,675000.0
20767,827000.0
20768,353000.0
20769,341000.0
20770,266490.0
20771,1050000.0
20772,375000.0
20773,858000.0
20774,435500.0
20775,460000.0
20776,434000.0
20777,244000.0
20778,393000.0
20779,890000.0
20780,205950.0
20781,209000.0
20782,430000.0
20783,660000.0
20784,935000.0
20785,257500.0
20786,1003000.0
20787,699999.0
20788,727500.0
20789,585000.0
20790,661000.0
20791,900000.0
20792,600000.0
20793,229500.0
20794,199900.0
20795,1059000.0
20796,263000.0
20797,252500.0
20798,654000.0
20799,200000.0
20800,700000.0
20801,306000.0
20802,340000.0
20803,580000.0
20804,435000.0
20805,690000.0
20806,403000.0
20807,129888.0
20808,260000.0
20809,339950.0
20810,660000.0
20811,981000.0
20812,320000.0
20813,390000.0
20814,302000.0
20815,495000.0
20816,555000.0
20817,1550000.0
20818,721000.0
20819,365000.0
20820,280000.0
20821,295000.0
20822,435000.0
20823,300000.0
20824,208500.0
20825,447000.0
20826,190000.0
20827,565000.0
20828,315000.0
20829,270000.0
20830,746000.0
20831,820000.0
20832,824000.0
20833,1550000.0
20834,874950.0
20835,875000.0
20836,710000.0
20837,465000.0
20838,365000.0
20839,215000.0
20840,530000.0
20841,225000.0
20842,299000.0
20843,680000.0
20844,485000.0
20845,519000.0
20846,211000.0
20847,539000.0
20848,465000.0
20849,620000.0
20850,535000.0
20851,229950.0
20852,229999.0
20853,205000.0
20854,620000.0
20855,504975.0
20856,495000.0
20857,152275.0
20858,405000.0
20859,700000.0
20860,565000.0
20861,710000.0
20862,450000.0
20863,545000.0
20864,278000.0
20865,774888.0
20866,480000.0
20867,305000.0
20868,351000.0
20869,440000.0
20870,299000.0
20871,299500.0
20872,649950.0
20873,840000.0
20874,350000.0
20875,445000.0
20876,246000.0
20877,445000.0
20878,315500.0
20879,819000.0
20880,349900.0
20881,267000.0
20882,480000.0
20883,147000.0
20884,1980000.0
20885,484998.0
20886,1280000.0
20887,529950.0
20888,590000.0
20889,359900.0
20890,460000.0
20891,619790.0
20892,373000.0
20893,541338.0
20894,650000.0
20895,495000.0
20896,340768.0
20897,375000.0
20898,739000.0
20899,300000.0
20900,328000.0
20901,1410000.0
20902,663000.0
20903,689000.0
20904,506950.0
20905,500000.0
20906,540000.0
20907,370000.0
20908,185000.0
20909,1150000.0
20910,825500.0
20911,855169.0
20912,329900.0
20913,493000.0
20914,369950.0
20915,535000.0
20916,275000.0
20917,320000.0
20918,340000.0
20919,375000.0
20920,359000.0
20921,785000.0
20922,425000.0
20923,575000.0
20924,720000.0
20925,2205000.0
20926,915000.0
20927,325000.0
20928,340000.0
20929,349500.0
20930,290750.0
20931,689950.0
20932,675000.0
20933,885000.0
20934,505000.0
20935,522500.0
20936,400000.0
20937,1375000.0
20938,950968.0
20939,334950.0
20940,282000.0
20941,489000.0
20942,450000.0
20943,299000.0
20944,585000.0
20945,660000.0
20946,301500.0
20947,949950.0
20948,745000.0
20949,335000.0
20950,569950.0
20951,569900.0
20952,420000.0
20953,1205000.0
20954,304500.0
20955,580000.0
20956,540000.0
20957,701000.0
20958,550000.0
20959,655000.0
20960,369000.0
20961,509900.0
20962,545000.0
20963,455000.0
20964,949990.0
20965,299950.0
20966,395825.0
20967,419354.0
20968,480000.0
20969,388000.0
20970,2320000.0
20971,358990.0
20972,530000.0
20973,436110.0
20974,925000.0
20975,1255780.0
20976,379900.0
20977,359000.0
20978,1710000.0
20979,535000.0
20980,318000.0
20981,293467.0
20982,550000.0
20983,649000.0
20984,415000.0
20985,979000.0
20986,437000.0
20987,952990.0
20988,741500.0
20989,425000.0
20990,389950.0
20991,288790.0
20992,500000.0
20993,615000.0
20994,622000.0
20995,1260000.0
20996,1262000.0
20997,804995.0
20998,398000.0
20999,455000.0
21000,340000.0
21001,320000.0
21002,292500.0
21003,345000.0
21004,445000.0
21005,801000.0
21006,631625.0
21007,850000.0
21008,988500.0
21009,430236.0
21010,1266520.0
21011,358000.0
21012,1210000.0
21013,685000.0
21014,295000.0
21015,279000.0
21016,287000.0
21017,445000.0
21018,605000.0
21019,1400000.0
21020,341000.0
21021,818000.0
21022,445000.0
21023,887250.0
21024,459000.0
21025,240000.0
21026,1040000.0
21027,343000.0
21028,450000.0
21029,415000.0
21030,692000.0
21031,415000.0
21032,498000.0
21033,754950.0
21034,353000.0
21035,539000.0
21036,571000.0
21037,769900.0
21038,633000.0
21039,524000.0
21040,1030000.0
21041,650000.0
21042,544999.0
21043,1060000.0
21044,389000.0
21045,355000.0
21046,1750000.0
21047,307000.0
21048,550000.0
21049,460458.0
21050,859000.0
21051,547500.0
21052,310000.0
21053,939000.0
21054,520000.0
21055,407000.0
21056,424950.0
21057,399000.0
21058,635000.0
21059,925000.0
21060,388500.0
21061,548000.0
21062,629000.0
21063,550000.0
21064,1575000.0
21065,328423.0
21066,660000.0
21067,459000.0
21068,1481000.0
21069,535000.0
21070,384500.0
21071,1051000.0
21072,1750000.0
21073,261950.0
21074,665000.0
21075,462550.0
21076,594000.0
21077,860000.0
21078,755000.0
21079,613500.0
21080,454950.0
21081,347500.0
21082,1029280.0
21083,437718.0
21084,515000.0
21085,360000.0
21086,895900.0
21087,585000.0
21088,565997.0
21089,790000.0
21090,392440.0
21091,649000.0
21092,2225000.0
21093,771005.0
21094,607500.0
21095,270000.0
21096,338800.0
21097,625000.0
21098,611000.0
21099,349990.0
21100,1206690.0
21101,252500.0
21102,308000.0
21103,803100.0
21104,785000.0
21105,380000.0
21106,345000.0
21107,324950.0
21108,302860.0
21109,419950.0
21110,716500.0
21111,385000.0
21112,270000.0
21113,1240000.0
21114,672000.0
21115,310000.0
21116,427000.0
21117,389950.0
21118,399895.0
21119,442515.0
21120,550000.0
21121,362865.0
21122,855000.0
21123,1205000.0
21124,1385000.0
21125,400200.0
21126,235000.0
21127,659950.0
21128,310000.0
21129,635000.0
21130,805000.0
21131,1205000.0
21132,745000.0
21133,494815.0
21134,600000.0
21135,889950.0
21136,500000.0
21137,394000.0
21138,390000.0
21139,300000.0
21140,734000.0
21141,539000.0
21142,459950.0
21143,437000.0
21144,499000.0
21145,359950.0
21146,653000.0
21147,565000.0
21148,557000.0
21149,709950.0
21150,920000.0
21151,1015000.0
21152,352500.0
21153,525000.0
21154,335000.0
21155,385000.0
21156,366750.0
21157,820000.0
21158,378000.0
21159,510000.0
21160,432500.0
21161,750000.0
21162,870000.0
21163,664950.0
21164,479349.0
21165,379000.0
21166,415000.0
21167,375000.0
21168,349900.0
21169,496800.0
21170,920000.0
21171,825000.0
21172,399000.0
21173,599950.0
21174,760000.0
21175,515000.0
21176,305000.0
21177,394950.0
21178,382000.0
21179,772000.0
21180,1500000.0
21181,425000.0
21182,499000.0
21183,529500.0
21184,374500.0
21185,584000.0
21186,1898000.0
21187,565000.0
21188,799000.0
21189,960000.0
21190,2950000.0
21191,375000.0
21192,312500.0
21193,390500.0
21194,515000.0
21195,540000.0
21196,425000.0
21197,344000.0
21198,379500.0
21199,552500.0
21200,305000.0
21201,479950.0
21202,1180000.0
21203,265000.0
21204,344000.0
21205,749000.0
21206,273500.0
21207,969990.0
21208,392000.0
21209,795000.0
21210,457000.0
21211,469995.0
21212,555000.0
21213,680000.0
21214,395000.0
21215,308625.0
21216,300000.0
21217,284000.0
21218,610000.0
21219,982000.0
21220,1510000.0
21221,1060000.0
21222,399950.0
21223,580000.0
21224,545000.0
21225,384950.0
21226,640000.0
21227,799000.0
21228,524225.0
21229,560000.0
21230,715000.0
21231,327000.0
21232,398096.0
21233,394950.0
21234,430100.0
21235,310000.0
21236,349950.0
21237,1054710.0
21238,828950.0
21239,293000.0
21240,909950.0
21241,256703.0
21242,654000.0
21243,545000.0
21244,1480000.0
21245,530000.0
21246,396000.0
21247,305000.0
21248,540000.0
21249,480000.0
21250,287450.0
21251,507950.0
21252,750000.0
21253,425000.0
21254,513000.0
21255,1130000.0
21256,685000.0
21257,441000.0
21258,590000.0
21259,497000.0
21260,391500.0
21261,395000.0
21262,1079000.0
21263,298900.0
21264,775000.0
21265,358000.0
21266,260000.0
21267,890000.0
21268,380000.0
21269,770000.0
21270,563500.0
21271,345000.0
21272,800000.0
21273,411000.0
21274,504058.0
21275,760005.0
21276,272000.0
21277,499160.0
21278,536000.0
21279,799900.0
21280,351999.0
21281,1105000.0
21282,415000.0
21283,1250000.0
21284,369946.0
21285,735000.0
21286,357500.0
21287,533500.0
21288,402395.0
21289,616950.0
21290,925000.0
21291,399995.0
21292,475000.0
21293,353000.0
21294,325000.0
21295,690000.0
21296,329950.0
21297,427000.0
21298,750000.0
21299,999950.0
21300,479000.0
21301,798500.0
21302,775000.0
21303,300000.0
21304,565000.0
21305,640000.0
21306,457000.0
21307,355000.0
21308,356000.0
21309,401000.0
21310,1095000.0
21311,850000.0
21312,335000.0
21313,525000.0
21314,575000.0
21315,329950.0
21316,1175000.0
21317,465000.0
21318,375000.0
21319,294500.0
21320,925000.0
21321,730000.0
21322,500000.0
21323,720000.0
21324,379950.0
21325,110000.0
21326,533380.0
21327,295500.0
21328,355000.0
21329,1242000.0
21330,705000.0
21331,268000.0
21332,305450.0
21333,399900.0
21334,857326.0
21335,477500.0
21336,580000.0
21337,910000.0
21338,699000.0
21339,353500.0
21340,529000.0
21341,580000.0
21342,284000.0
21343,338500.0
21344,450000.0
21345,420000.0
21346,740000.0
21347,727000.0
21348,535000.0
21349,810000.0
21350,359782.0
21351,1049990.0
21352,730000.0
21353,255000.0
21354,302059.0
21355,549950.0
21356,900000.0
21357,510000.0
21358,288000.0
21359,300000.0
21360,664950.0
21361,699188.0
21362,613500.0
21363,255000.0
21364,375000.0
21365,544000.0
21366,800000.0
21367,680000.0
21368,424950.0
21369,223990.0
21370,359950.0
21371,556000.0
21372,277140.0
21373,1274950.0
21374,380950.0
21375,520000.0
21376,487000.0
21377,545000.0
21378,365000.0
21379,279800.0
21380,613000.0
21381,346100.0
21382,310000.0
21383,250000.0
21384,1880000.0
21385,1085000.0
21386,525000.0
21387,1800000.0
21388,915000.0
21389,963000.0
21390,270000.0
21391,700000.0
21392,1065000.0
21393,654000.0
21394,1839900.0
21395,630500.0
21396,235245.0
21397,770000.0
21398,880000.0
21399,687015.0
21400,375500.0
21401,477000.0
21402,461100.0
21403,1061600.0
21404,391000.0
21405,465000.0
21406,372000.0
21407,312000.0
21408,800000.0
21409,510000.0
21410,671500.0
21411,365000.0
21412,389950.0
21413,706000.0
21414,319000.0
21415,625000.0
21416,445000.0
21417,492500.0
21418,435000.0
21419,540000.0
21420,799950.0
21421,539900.0
21422,490000.0
21423,458000.0
21424,440000.0
21425,1698000.0
21426,935000.0
21427,1350000.0
21428,1500000.0
21429,305000.0
21430,353000.0
21431,329950.0
21432,559630.0
21433,435000.0
21434,417000.0
21435,332220.0
21436,1488000.0
21437,680000.0
21438,608000.0
21439,667000.0
21440,924000.0
21441,295000.0
21442,490000.0
21443,409000.0
21444,391000.0
21445,339950.0
21446,320000.0
21447,775000.0
21448,317750.0
21449,353000.0
21450,460000.0
21451,353900.0
21452,869950.0
21453,729999.0
21454,299950.0
21455,436952.0
21456,899000.0
21457,494995.0
21458,639000.0
21459,425000.0
21460,326000.0
21461,650000.0
21462,375000.0
21463,380000.0
21464,649500.0
21465,249000.0
21466,312891.0
21467,449000.0
21468,495000.0
21469,1459000.0
21470,484000.0
21471,534950.0
21472,370000.0
21473,453000.0
21474,1555000.0
21475,2238890.0
21476,406000.0
21477,1865000.0
21478,475000.0
21479,1408760.0
21480,1378000.0
21481,585000.0
21482,599000.0
21483,332000.0
21484,509900.0
21485,249000.0
21486,530000.0
21487,747450.0
21488,710200.0
21489,329000.0
21490,230000.0
21491,3567000.0
21492,625000.0
21493,380000.0
21494,572000.0
21495,475000.0
21496,520000.0
21497,541800.0
21498,224000.0
21499,429000.0
21500,475000.0
21501,402101.0
21502,400000.0
